Image_Path,Wavelength_nm,Scattering_Coefficient,Anisotropy,Absorption_Coefficient
IMAGES/0.png,532,1.833333333,0.764444444,0.566666667
IMAGES/1.png,780,1.611111111,0.957777778,0.722222222
IMAGES/2.png,450,1.611111111,0.828888889,1.5
IMAGES/3.png,780,2.5,0.925555556,1.188888889
IMAGES/4.png,450,0.722222222,0.893333333,0.255555556
IMAGES/5.png,650,0.944444444,0.764444444,1.5
IMAGES/6.png,532,0.722222222,0.893333333,0.411111111
IMAGES/7.png,780,2.055555556,0.828888889,0.411111111
IMAGES/8.png,532,0.944444444,0.764444444,1.033333333
IMAGES/9.png,532,2.277777778,0.796666667,1.344444444
IMAGES/10.png,450,2.055555556,0.796666667,0.255555556
IMAGES/11.png,450,2.5,0.925555556,0.411111111
IMAGES/12.png,650,1.166666667,0.925555556,0.1
IMAGES/13.png,650,1.166666667,0.732222222,0.566666667
IMAGES/14.png,450,0.5,0.957777778,1.188888889
IMAGES/15.png,650,1.166666667,0.893333333,0.722222222
IMAGES/16.png,532,0.722222222,0.893333333,0.566666667
IMAGES/17.png,780,1.833333333,0.99,0.255555556
IMAGES/18.png,650,0.722222222,0.99,1.344444444
IMAGES/19.png,532,0.5,0.861111111,0.722222222
IMAGES/20.png,532,2.5,0.893333333,0.1
IMAGES/21.png,450,0.722222222,0.796666667,0.877777778
IMAGES/22.png,780,1.611111111,0.7,0.566666667
IMAGES/23.png,650,2.277777778,0.861111111,0.411111111
IMAGES/24.png,532,1.611111111,0.732222222,1.5
IMAGES/25.png,780,0.5,0.957777778,0.566666667
IMAGES/26.png,450,1.611111111,0.7,0.255555556
IMAGES/27.png,532,2.277777778,0.861111111,0.411111111
IMAGES/28.png,532,2.055555556,0.99,1.5
IMAGES/29.png,532,1.833333333,0.893333333,0.722222222
IMAGES/30.png,780,0.722222222,0.861111111,0.566666667
IMAGES/31.png,532,2.277777778,0.764444444,0.411111111
IMAGES/32.png,650,0.944444444,0.99,1.5
IMAGES/33.png,450,1.166666667,0.99,1.344444444
IMAGES/34.png,780,0.944444444,0.796666667,1.5
IMAGES/35.png,532,1.611111111,0.7,1.5
IMAGES/36.png,450,0.944444444,0.7,1.5
IMAGES/37.png,532,2.5,0.893333333,1.5
IMAGES/38.png,532,1.611111111,0.7,1.188888889
IMAGES/39.png,450,2.5,0.925555556,0.566666667
IMAGES/40.png,780,1.388888889,0.99,0.877777778
IMAGES/41.png,650,1.388888889,0.732222222,1.188888889
IMAGES/42.png,450,0.722222222,0.861111111,0.255555556
IMAGES/43.png,450,2.277777778,0.957777778,0.566666667
IMAGES/44.png,650,1.388888889,0.893333333,1.188888889
IMAGES/45.png,532,0.944444444,0.796666667,0.255555556
IMAGES/46.png,650,2.5,0.732222222,0.722222222
IMAGES/47.png,780,1.833333333,0.828888889,1.188888889
IMAGES/48.png,450,0.944444444,0.828888889,1.033333333
IMAGES/49.png,650,0.944444444,0.732222222,0.722222222
IMAGES/50.png,780,1.166666667,0.764444444,1.344444444
IMAGES/51.png,650,0.722222222,0.925555556,1.033333333
IMAGES/52.png,650,0.722222222,0.796666667,1.344444444
IMAGES/53.png,650,1.611111111,0.957777778,0.1
IMAGES/54.png,780,1.388888889,0.957777778,1.188888889
IMAGES/55.png,450,1.611111111,0.828888889,0.566666667
IMAGES/56.png,650,1.388888889,0.957777778,0.1
IMAGES/57.png,780,1.388888889,0.957777778,0.877777778
IMAGES/58.png,650,2.5,0.99,1.5
IMAGES/59.png,532,1.611111111,0.764444444,1.5
IMAGES/60.png,650,2.5,0.732222222,0.255555556
IMAGES/61.png,650,1.388888889,0.99,0.566666667
IMAGES/62.png,450,1.166666667,0.957777778,0.877777778
IMAGES/63.png,532,1.833333333,0.796666667,1.344444444
IMAGES/64.png,780,1.166666667,0.796666667,0.411111111
IMAGES/65.png,780,1.388888889,0.732222222,0.722222222
IMAGES/66.png,450,0.722222222,0.7,0.411111111
IMAGES/67.png,450,1.611111111,0.957777778,0.566666667
IMAGES/68.png,780,2.5,0.99,0.411111111
IMAGES/69.png,650,1.611111111,0.796666667,1.188888889
IMAGES/70.png,650,2.5,0.861111111,0.411111111
IMAGES/71.png,780,1.388888889,0.925555556,0.255555556
IMAGES/72.png,780,1.611111111,0.796666667,0.877777778
IMAGES/73.png,650,1.166666667,0.796666667,0.566666667
IMAGES/74.png,780,0.722222222,0.796666667,1.5
IMAGES/75.png,532,1.388888889,0.925555556,1.344444444
IMAGES/76.png,780,2.5,0.925555556,1.188888889
IMAGES/77.png,780,0.722222222,0.796666667,1.188888889
IMAGES/78.png,532,1.166666667,0.893333333,1.188888889
IMAGES/79.png,532,1.611111111,0.796666667,0.877777778
IMAGES/80.png,532,0.5,0.764444444,0.411111111
IMAGES/81.png,450,2.055555556,0.828888889,0.1
IMAGES/82.png,450,1.833333333,0.828888889,0.1
IMAGES/83.png,650,1.166666667,0.764444444,1.033333333
IMAGES/84.png,532,1.166666667,0.861111111,1.344444444
IMAGES/85.png,450,1.388888889,0.925555556,1.5
IMAGES/86.png,450,0.5,0.828888889,0.255555556
IMAGES/87.png,450,1.833333333,0.828888889,0.1
IMAGES/88.png,650,2.055555556,0.861111111,0.566666667
IMAGES/89.png,780,1.166666667,0.861111111,0.566666667
IMAGES/90.png,650,2.5,0.796666667,0.255555556
IMAGES/91.png,532,2.277777778,0.861111111,0.566666667
IMAGES/92.png,780,2.277777778,0.764444444,1.344444444
IMAGES/93.png,780,0.722222222,0.925555556,0.1
IMAGES/94.png,532,2.055555556,0.99,0.255555556
IMAGES/95.png,450,1.611111111,0.957777778,0.411111111
IMAGES/96.png,450,0.5,0.796666667,1.5
IMAGES/97.png,532,2.5,0.732222222,1.188888889
IMAGES/98.png,780,2.277777778,0.99,0.566666667
IMAGES/99.png,532,0.944444444,0.99,0.877777778
IMAGES/100.png,450,0.722222222,0.796666667,0.722222222
IMAGES/101.png,780,1.611111111,0.828888889,0.411111111
IMAGES/102.png,650,0.944444444,0.7,0.722222222
IMAGES/103.png,780,1.833333333,0.796666667,0.1
IMAGES/104.png,532,1.833333333,0.796666667,0.877777778
IMAGES/105.png,650,1.611111111,0.99,1.344444444
IMAGES/106.png,450,1.166666667,0.893333333,0.255555556
IMAGES/107.png,780,2.5,0.893333333,0.877777778
IMAGES/108.png,650,0.5,0.957777778,1.033333333
IMAGES/109.png,532,1.166666667,0.7,0.566666667
IMAGES/110.png,532,2.277777778,0.99,1.033333333
IMAGES/111.png,650,1.388888889,0.925555556,0.1
IMAGES/112.png,780,1.166666667,0.893333333,1.344444444
IMAGES/113.png,650,0.722222222,0.861111111,0.1
IMAGES/114.png,780,2.5,0.99,0.877777778
IMAGES/115.png,450,0.722222222,0.893333333,1.033333333
IMAGES/116.png,450,2.055555556,0.796666667,0.566666667
IMAGES/117.png,780,2.5,0.7,1.5
IMAGES/118.png,450,1.388888889,0.732222222,0.722222222
IMAGES/119.png,650,0.944444444,0.925555556,0.566666667
IMAGES/120.png,780,0.722222222,0.861111111,1.033333333
IMAGES/121.png,780,1.833333333,0.957777778,0.877777778
IMAGES/122.png,650,2.055555556,0.99,0.722222222
IMAGES/123.png,780,0.722222222,0.957777778,0.566666667
IMAGES/124.png,780,2.5,0.764444444,1.344444444
IMAGES/125.png,532,1.611111111,0.796666667,0.1
IMAGES/126.png,532,2.5,0.732222222,0.255555556
IMAGES/127.png,780,1.388888889,0.99,1.344444444
IMAGES/128.png,780,2.5,0.828888889,1.188888889
IMAGES/129.png,650,0.5,0.99,0.411111111
IMAGES/130.png,532,1.833333333,0.7,1.5
IMAGES/131.png,650,1.388888889,0.957777778,0.722222222
IMAGES/132.png,650,0.944444444,0.828888889,0.411111111
IMAGES/133.png,780,0.944444444,0.796666667,0.1
IMAGES/134.png,450,1.611111111,0.828888889,0.722222222
IMAGES/135.png,450,2.055555556,0.796666667,1.5
IMAGES/136.png,450,2.5,0.796666667,0.877777778
IMAGES/137.png,780,0.5,0.957777778,1.033333333
IMAGES/138.png,650,0.5,0.99,1.188888889
IMAGES/139.png,532,1.166666667,0.732222222,1.188888889
IMAGES/140.png,780,1.388888889,0.764444444,1.033333333
IMAGES/141.png,450,1.166666667,0.99,0.722222222
IMAGES/142.png,532,0.5,0.925555556,0.255555556
IMAGES/143.png,450,0.5,0.764444444,0.566666667
IMAGES/144.png,532,0.944444444,0.957777778,0.1
IMAGES/145.png,780,2.055555556,0.7,0.1
IMAGES/146.png,780,0.722222222,0.828888889,0.722222222
IMAGES/147.png,780,1.166666667,0.828888889,0.1
IMAGES/148.png,532,2.5,0.7,1.5
IMAGES/149.png,532,1.388888889,0.957777778,0.411111111
IMAGES/150.png,532,0.5,0.893333333,1.188888889
IMAGES/151.png,780,1.388888889,0.893333333,0.255555556
IMAGES/152.png,450,1.833333333,0.861111111,0.255555556
IMAGES/153.png,650,0.5,0.732222222,0.411111111
IMAGES/154.png,450,2.5,0.861111111,0.255555556
IMAGES/155.png,450,0.944444444,0.732222222,1.344444444
IMAGES/156.png,450,1.388888889,0.796666667,1.5
IMAGES/157.png,650,2.055555556,0.732222222,0.1
IMAGES/158.png,650,2.277777778,0.861111111,1.344444444
IMAGES/159.png,780,2.055555556,0.7,0.1
IMAGES/160.png,780,0.944444444,0.732222222,1.5
IMAGES/161.png,450,1.388888889,0.7,1.188888889
IMAGES/162.png,780,0.722222222,0.99,0.722222222
IMAGES/163.png,450,0.5,0.893333333,1.033333333
IMAGES/164.png,780,0.722222222,0.7,1.033333333
IMAGES/165.png,450,0.5,0.764444444,0.255555556
IMAGES/166.png,780,0.722222222,0.7,1.5
IMAGES/167.png,450,2.5,0.861111111,1.5
IMAGES/168.png,650,2.055555556,0.764444444,1.033333333
IMAGES/169.png,532,1.833333333,0.764444444,0.255555556
IMAGES/170.png,650,2.5,0.732222222,0.1
IMAGES/171.png,532,0.5,0.957777778,1.344444444
IMAGES/172.png,532,2.277777778,0.764444444,1.188888889
IMAGES/173.png,780,2.277777778,0.925555556,0.411111111
IMAGES/174.png,450,2.5,0.796666667,0.722222222
IMAGES/175.png,780,1.388888889,0.957777778,0.255555556
IMAGES/176.png,450,2.055555556,0.957777778,0.1
IMAGES/177.png,780,0.5,0.796666667,0.566666667
IMAGES/178.png,780,2.055555556,0.99,1.033333333
IMAGES/179.png,532,2.277777778,0.957777778,1.033333333
IMAGES/180.png,780,1.166666667,0.764444444,1.344444444
IMAGES/181.png,780,1.833333333,0.925555556,0.877777778
IMAGES/182.png,532,2.055555556,0.957777778,1.344444444
IMAGES/183.png,532,2.055555556,0.893333333,1.344444444
IMAGES/184.png,650,1.833333333,0.732222222,0.566666667
IMAGES/185.png,450,2.055555556,0.7,0.566666667
IMAGES/186.png,650,0.5,0.99,1.033333333
IMAGES/187.png,532,1.833333333,0.828888889,1.344444444
IMAGES/188.png,650,2.277777778,0.764444444,0.877777778
IMAGES/189.png,450,2.277777778,0.828888889,1.033333333
IMAGES/190.png,780,1.388888889,0.828888889,0.1
IMAGES/191.png,450,2.055555556,0.99,0.1
IMAGES/192.png,780,2.5,0.893333333,0.1
IMAGES/193.png,532,0.5,0.732222222,0.722222222
IMAGES/194.png,650,1.833333333,0.764444444,1.188888889
IMAGES/195.png,650,0.944444444,0.764444444,0.566666667
IMAGES/196.png,780,2.055555556,0.957777778,1.188888889
IMAGES/197.png,650,0.944444444,0.893333333,0.255555556
IMAGES/198.png,450,0.5,0.828888889,0.255555556
IMAGES/199.png,450,2.5,0.925555556,0.411111111
IMAGES/200.png,650,1.166666667,0.796666667,0.566666667
IMAGES/201.png,532,2.5,0.925555556,0.877777778
IMAGES/202.png,650,1.166666667,0.732222222,1.5
IMAGES/203.png,650,0.5,0.957777778,0.722222222
IMAGES/204.png,450,2.277777778,0.796666667,0.722222222
IMAGES/205.png,450,0.944444444,0.861111111,0.877777778
IMAGES/206.png,780,1.611111111,0.828888889,0.722222222
IMAGES/207.png,532,1.611111111,0.893333333,0.255555556
IMAGES/208.png,650,1.833333333,0.732222222,0.722222222
IMAGES/209.png,450,1.166666667,0.99,0.411111111
IMAGES/210.png,450,2.5,0.893333333,1.344444444
IMAGES/211.png,532,2.5,0.925555556,1.033333333
IMAGES/212.png,650,1.166666667,0.893333333,0.1
IMAGES/213.png,450,0.944444444,0.893333333,0.255555556
IMAGES/214.png,450,2.277777778,0.99,0.1
IMAGES/215.png,650,1.388888889,0.796666667,0.1
IMAGES/216.png,650,1.833333333,0.764444444,0.877777778
IMAGES/217.png,650,1.611111111,0.893333333,0.722222222
IMAGES/218.png,450,1.388888889,0.828888889,0.566666667
IMAGES/219.png,650,1.611111111,0.764444444,0.1
IMAGES/220.png,532,1.166666667,0.732222222,0.722222222
IMAGES/221.png,532,2.277777778,0.7,1.344444444
IMAGES/222.png,450,0.944444444,0.957777778,0.255555556
IMAGES/223.png,450,2.055555556,0.99,0.255555556
IMAGES/224.png,780,0.722222222,0.893333333,0.255555556
IMAGES/225.png,650,2.5,0.732222222,1.188888889
IMAGES/226.png,650,0.944444444,0.99,0.411111111
IMAGES/227.png,450,1.388888889,0.925555556,0.566666667
IMAGES/228.png,780,0.944444444,0.764444444,1.344444444
IMAGES/229.png,650,1.611111111,0.732222222,0.411111111
IMAGES/230.png,532,1.166666667,0.861111111,0.877777778
IMAGES/231.png,532,2.055555556,0.957777778,0.722222222
IMAGES/232.png,650,0.944444444,0.7,0.1
IMAGES/233.png,650,1.388888889,0.796666667,1.188888889
IMAGES/234.png,780,1.833333333,0.7,0.566666667
IMAGES/235.png,532,0.722222222,0.732222222,0.255555556
IMAGES/236.png,650,1.611111111,0.925555556,1.5
IMAGES/237.png,450,1.388888889,0.764444444,0.877777778
IMAGES/238.png,532,2.5,0.957777778,1.344444444
IMAGES/239.png,780,2.055555556,0.732222222,0.722222222
IMAGES/240.png,780,2.5,0.861111111,0.1
IMAGES/241.png,450,1.611111111,0.893333333,1.033333333
IMAGES/242.png,532,2.055555556,0.7,0.722222222
IMAGES/243.png,650,2.055555556,0.796666667,1.188888889
IMAGES/244.png,532,1.611111111,0.764444444,0.1
IMAGES/245.png,780,2.277777778,0.732222222,0.411111111
IMAGES/246.png,532,2.5,0.7,0.566666667
IMAGES/247.png,450,2.5,0.957777778,1.188888889
IMAGES/248.png,532,0.722222222,0.7,0.722222222
IMAGES/249.png,780,1.611111111,0.828888889,0.877777778
IMAGES/250.png,650,0.944444444,0.99,0.877777778
IMAGES/251.png,780,1.833333333,0.732222222,0.722222222
IMAGES/252.png,450,0.944444444,0.828888889,0.566666667
IMAGES/253.png,650,0.5,0.99,1.188888889
IMAGES/254.png,650,1.388888889,0.957777778,1.344444444
IMAGES/255.png,780,1.388888889,0.893333333,1.188888889
IMAGES/256.png,650,0.5,0.796666667,0.411111111
IMAGES/257.png,450,0.5,0.925555556,0.411111111
IMAGES/258.png,650,0.944444444,0.893333333,0.566666667
IMAGES/259.png,650,0.5,0.732222222,1.188888889
IMAGES/260.png,450,0.722222222,0.99,0.411111111
IMAGES/261.png,650,1.611111111,0.861111111,0.566666667
IMAGES/262.png,650,0.5,0.957777778,0.1
IMAGES/263.png,780,0.5,0.732222222,0.877777778
IMAGES/264.png,532,2.277777778,0.861111111,1.033333333
IMAGES/265.png,650,1.611111111,0.925555556,0.566666667
IMAGES/266.png,532,2.277777778,0.828888889,1.033333333
IMAGES/267.png,780,2.055555556,0.957777778,1.033333333
IMAGES/268.png,450,2.055555556,0.99,0.566666667
IMAGES/269.png,532,1.833333333,0.796666667,0.255555556
IMAGES/270.png,450,2.5,0.7,0.411111111
IMAGES/271.png,532,0.944444444,0.957777778,0.722222222
IMAGES/272.png,532,0.5,0.925555556,1.188888889
IMAGES/273.png,532,2.277777778,0.99,0.877777778
IMAGES/274.png,650,0.944444444,0.861111111,1.033333333
IMAGES/275.png,650,0.722222222,0.925555556,0.722222222
IMAGES/276.png,650,1.833333333,0.957777778,0.1
IMAGES/277.png,532,1.611111111,0.732222222,0.722222222
IMAGES/278.png,532,2.5,0.7,1.033333333
IMAGES/279.png,532,0.722222222,0.861111111,0.877777778
IMAGES/280.png,650,1.166666667,0.861111111,0.255555556
IMAGES/281.png,650,0.944444444,0.7,0.877777778
IMAGES/282.png,450,1.388888889,0.828888889,0.411111111
IMAGES/283.png,650,2.055555556,0.893333333,0.722222222
IMAGES/284.png,450,1.388888889,0.99,0.722222222
IMAGES/285.png,532,0.944444444,0.861111111,1.033333333
IMAGES/286.png,780,1.388888889,0.828888889,1.5
IMAGES/287.png,780,0.5,0.957777778,0.566666667
IMAGES/288.png,650,2.277777778,0.796666667,1.033333333
IMAGES/289.png,532,1.611111111,0.7,0.1
IMAGES/290.png,532,0.5,0.828888889,1.033333333
IMAGES/291.png,532,1.388888889,0.764444444,0.255555556
IMAGES/292.png,780,2.055555556,0.861111111,1.5
IMAGES/293.png,650,1.833333333,0.732222222,1.033333333
IMAGES/294.png,450,1.166666667,0.828888889,0.255555556
IMAGES/295.png,532,0.722222222,0.893333333,0.411111111
IMAGES/296.png,650,2.277777778,0.99,0.722222222
IMAGES/297.png,650,0.5,0.7,0.566666667
IMAGES/298.png,780,0.5,0.828888889,0.566666667
IMAGES/299.png,780,1.611111111,0.7,0.722222222
IMAGES/300.png,780,2.277777778,0.893333333,0.1
IMAGES/301.png,650,0.944444444,0.764444444,1.344444444
IMAGES/302.png,780,0.722222222,0.796666667,1.344444444
IMAGES/303.png,532,1.833333333,0.796666667,1.033333333
IMAGES/304.png,780,0.944444444,0.796666667,0.722222222
IMAGES/305.png,532,0.944444444,0.925555556,1.5
IMAGES/306.png,650,2.5,0.861111111,0.566666667
IMAGES/307.png,532,0.722222222,0.732222222,0.877777778
IMAGES/308.png,650,2.055555556,0.925555556,0.722222222
IMAGES/309.png,650,2.277777778,0.957777778,1.344444444
IMAGES/310.png,450,2.5,0.828888889,1.5
IMAGES/311.png,780,0.5,0.99,0.566666667
IMAGES/312.png,780,2.055555556,0.925555556,1.033333333
IMAGES/313.png,450,2.5,0.925555556,0.411111111
IMAGES/314.png,532,1.611111111,0.957777778,0.255555556
IMAGES/315.png,532,0.5,0.925555556,1.344444444
IMAGES/316.png,532,1.611111111,0.925555556,1.188888889
IMAGES/317.png,532,1.611111111,0.861111111,0.722222222
IMAGES/318.png,780,2.055555556,0.99,0.411111111
IMAGES/319.png,780,1.166666667,0.99,1.188888889
IMAGES/320.png,780,1.388888889,0.861111111,1.5
IMAGES/321.png,780,0.722222222,0.893333333,0.877777778
IMAGES/322.png,532,1.833333333,0.957777778,1.344444444
IMAGES/323.png,450,2.055555556,0.732222222,0.722222222
IMAGES/324.png,650,1.833333333,0.99,0.566666667
IMAGES/325.png,532,1.166666667,0.861111111,0.722222222
IMAGES/326.png,450,2.5,0.925555556,1.344444444
IMAGES/327.png,532,0.944444444,0.957777778,0.255555556
IMAGES/328.png,450,1.388888889,0.957777778,0.255555556
IMAGES/329.png,532,2.5,0.796666667,0.1
IMAGES/330.png,532,0.944444444,0.925555556,1.188888889
IMAGES/331.png,780,1.611111111,0.925555556,1.033333333
IMAGES/332.png,532,1.388888889,0.796666667,0.722222222
IMAGES/333.png,532,2.5,0.861111111,0.411111111
IMAGES/334.png,650,0.5,0.861111111,0.566666667
IMAGES/335.png,532,2.277777778,0.99,0.255555556
IMAGES/336.png,532,1.833333333,0.861111111,1.188888889
IMAGES/337.png,780,2.055555556,0.764444444,0.411111111
IMAGES/338.png,450,1.388888889,0.925555556,1.5
IMAGES/339.png,780,0.944444444,0.861111111,0.1
IMAGES/340.png,532,2.055555556,0.828888889,0.1
IMAGES/341.png,532,0.5,0.828888889,0.255555556
IMAGES/342.png,450,2.277777778,0.764444444,1.188888889
IMAGES/343.png,780,1.611111111,0.99,0.877777778
IMAGES/344.png,532,1.166666667,0.861111111,0.255555556
IMAGES/345.png,650,0.722222222,0.732222222,0.411111111
IMAGES/346.png,532,1.388888889,0.828888889,0.877777778
IMAGES/347.png,650,1.611111111,0.925555556,0.411111111
IMAGES/348.png,532,1.166666667,0.764444444,0.255555556
IMAGES/349.png,532,0.722222222,0.957777778,1.188888889
IMAGES/350.png,450,2.277777778,0.925555556,0.255555556
IMAGES/351.png,450,2.277777778,0.828888889,0.566666667
IMAGES/352.png,532,0.944444444,0.957777778,1.188888889
IMAGES/353.png,780,1.611111111,0.7,0.877777778
IMAGES/354.png,532,2.055555556,0.957777778,0.255555556
IMAGES/355.png,532,0.722222222,0.861111111,1.5
IMAGES/356.png,650,1.166666667,0.796666667,1.5
IMAGES/357.png,532,1.833333333,0.828888889,1.033333333
IMAGES/358.png,650,0.944444444,0.732222222,0.722222222
IMAGES/359.png,450,2.5,0.861111111,0.722222222
IMAGES/360.png,532,2.5,0.99,0.877777778
IMAGES/361.png,780,2.277777778,0.828888889,0.877777778
IMAGES/362.png,532,0.5,0.796666667,0.255555556
IMAGES/363.png,780,2.277777778,0.893333333,0.566666667
IMAGES/364.png,650,0.5,0.861111111,0.877777778
IMAGES/365.png,450,2.277777778,0.861111111,0.1
IMAGES/366.png,650,0.5,0.861111111,0.566666667
IMAGES/367.png,450,1.166666667,0.893333333,0.566666667
IMAGES/368.png,532,0.944444444,0.925555556,1.344444444
IMAGES/369.png,650,1.611111111,0.925555556,1.033333333
IMAGES/370.png,780,2.055555556,0.796666667,0.722222222
IMAGES/371.png,780,2.5,0.893333333,0.877777778
IMAGES/372.png,780,0.944444444,0.764444444,1.033333333
IMAGES/373.png,650,2.5,0.732222222,0.566666667
IMAGES/374.png,450,0.5,0.957777778,0.1
IMAGES/375.png,650,2.055555556,0.7,0.411111111
IMAGES/376.png,450,0.5,0.893333333,0.722222222
IMAGES/377.png,450,0.944444444,0.7,1.188888889
IMAGES/378.png,450,0.722222222,0.732222222,0.566666667
IMAGES/379.png,450,0.5,0.957777778,1.188888889
IMAGES/380.png,450,0.5,0.957777778,1.5
IMAGES/381.png,780,1.611111111,0.925555556,0.722222222
IMAGES/382.png,780,0.5,0.732222222,0.877777778
IMAGES/383.png,650,1.611111111,0.732222222,1.344444444
IMAGES/384.png,650,0.944444444,0.957777778,0.1
IMAGES/385.png,450,1.388888889,0.861111111,1.188888889
IMAGES/386.png,450,2.277777778,0.957777778,0.411111111
IMAGES/387.png,780,1.166666667,0.732222222,0.722222222
IMAGES/388.png,450,0.722222222,0.99,1.033333333
IMAGES/389.png,650,0.5,0.732222222,0.722222222
IMAGES/390.png,780,0.5,0.732222222,0.877777778
IMAGES/391.png,532,1.388888889,0.925555556,1.344444444
IMAGES/392.png,780,2.055555556,0.957777778,0.255555556
IMAGES/393.png,780,1.166666667,0.99,0.722222222
IMAGES/394.png,450,1.388888889,0.764444444,0.1
IMAGES/395.png,532,1.166666667,0.893333333,1.344444444
IMAGES/396.png,450,1.166666667,0.925555556,0.255555556
IMAGES/397.png,650,1.611111111,0.99,0.566666667
IMAGES/398.png,780,1.166666667,0.99,0.877777778
IMAGES/399.png,780,2.055555556,0.764444444,0.877777778
IMAGES/400.png,532,2.277777778,0.796666667,0.877777778
IMAGES/401.png,450,1.166666667,0.732222222,1.344444444
IMAGES/402.png,650,1.388888889,0.925555556,0.566666667
IMAGES/403.png,780,1.388888889,0.828888889,1.344444444
IMAGES/404.png,780,0.944444444,0.764444444,0.877777778
IMAGES/405.png,780,2.277777778,0.828888889,1.188888889
IMAGES/406.png,532,2.277777778,0.957777778,1.344444444
IMAGES/407.png,532,2.055555556,0.764444444,0.566666667
IMAGES/408.png,532,1.166666667,0.957777778,1.188888889
IMAGES/409.png,450,0.944444444,0.99,0.566666667
IMAGES/410.png,450,2.055555556,0.861111111,0.1
IMAGES/411.png,450,1.833333333,0.732222222,0.411111111
IMAGES/412.png,450,2.277777778,0.99,0.566666667
IMAGES/413.png,532,0.5,0.828888889,1.344444444
IMAGES/414.png,532,0.722222222,0.957777778,1.033333333
IMAGES/415.png,450,2.055555556,0.893333333,0.411111111
IMAGES/416.png,450,2.5,0.925555556,1.5
IMAGES/417.png,532,1.611111111,0.828888889,1.5
IMAGES/418.png,650,1.388888889,0.828888889,1.033333333
IMAGES/419.png,450,1.833333333,0.7,0.411111111
IMAGES/420.png,650,0.722222222,0.764444444,1.188888889
IMAGES/421.png,650,2.5,0.7,0.255555556
IMAGES/422.png,650,2.277777778,0.796666667,1.188888889
IMAGES/423.png,650,1.388888889,0.764444444,1.344444444
IMAGES/424.png,532,1.611111111,0.732222222,0.411111111
IMAGES/425.png,450,2.5,0.99,1.344444444
IMAGES/426.png,780,0.5,0.861111111,0.255555556
IMAGES/427.png,780,1.388888889,0.893333333,1.5
IMAGES/428.png,780,0.944444444,0.893333333,1.188888889
IMAGES/429.png,532,0.722222222,0.7,0.1
IMAGES/430.png,780,2.055555556,0.796666667,1.033333333
IMAGES/431.png,650,0.5,0.764444444,0.411111111
IMAGES/432.png,650,1.166666667,0.796666667,0.722222222
IMAGES/433.png,532,0.944444444,0.7,0.1
IMAGES/434.png,450,0.5,0.764444444,0.255555556
IMAGES/435.png,780,1.166666667,0.99,1.5
IMAGES/436.png,532,0.944444444,0.861111111,0.255555556
IMAGES/437.png,780,2.055555556,0.7,0.255555556
IMAGES/438.png,532,1.166666667,0.957777778,1.5
IMAGES/439.png,780,2.5,0.861111111,0.411111111
IMAGES/440.png,532,0.5,0.764444444,1.5
IMAGES/441.png,780,2.5,0.828888889,0.877777778
IMAGES/442.png,450,1.166666667,0.7,1.188888889
IMAGES/443.png,532,1.611111111,0.925555556,1.5
IMAGES/444.png,650,1.833333333,0.796666667,0.566666667
IMAGES/445.png,650,1.833333333,0.732222222,0.1
IMAGES/446.png,650,1.611111111,0.893333333,0.1
IMAGES/447.png,650,1.166666667,0.764444444,1.5
IMAGES/448.png,450,0.5,0.796666667,0.411111111
IMAGES/449.png,780,1.833333333,0.764444444,1.344444444
IMAGES/450.png,532,1.166666667,0.99,1.5
IMAGES/451.png,450,2.055555556,0.796666667,1.188888889
IMAGES/452.png,450,0.944444444,0.99,1.5
IMAGES/453.png,532,1.166666667,0.861111111,0.255555556
IMAGES/454.png,780,1.166666667,0.957777778,1.033333333
IMAGES/455.png,450,2.277777778,0.764444444,1.033333333
IMAGES/456.png,780,0.944444444,0.7,1.344444444
IMAGES/457.png,450,0.944444444,0.828888889,0.877777778
IMAGES/458.png,532,0.722222222,0.796666667,0.255555556
IMAGES/459.png,650,2.277777778,0.828888889,1.344444444
IMAGES/460.png,780,1.388888889,0.796666667,0.722222222
IMAGES/461.png,532,1.166666667,0.957777778,0.411111111
IMAGES/462.png,450,1.166666667,0.828888889,0.255555556
IMAGES/463.png,650,1.833333333,0.732222222,0.566666667
IMAGES/464.png,780,2.055555556,0.732222222,0.411111111
IMAGES/465.png,450,0.5,0.828888889,0.566666667
IMAGES/466.png,450,0.722222222,0.893333333,0.255555556
IMAGES/467.png,532,2.5,0.861111111,0.722222222
IMAGES/468.png,650,1.611111111,0.893333333,1.033333333
IMAGES/469.png,532,1.833333333,0.925555556,0.722222222
IMAGES/470.png,450,2.055555556,0.99,1.5
IMAGES/471.png,780,2.055555556,0.99,0.1
IMAGES/472.png,532,1.833333333,0.861111111,0.877777778
IMAGES/473.png,532,2.277777778,0.893333333,1.344444444
IMAGES/474.png,450,2.055555556,0.861111111,0.255555556
IMAGES/475.png,650,1.166666667,0.893333333,0.877777778
IMAGES/476.png,450,2.5,0.732222222,0.566666667
IMAGES/477.png,650,1.388888889,0.796666667,0.1
IMAGES/478.png,532,2.277777778,0.764444444,0.877777778
IMAGES/479.png,450,0.5,0.828888889,1.033333333
IMAGES/480.png,650,1.833333333,0.7,1.033333333
IMAGES/481.png,780,0.722222222,0.7,1.344444444
IMAGES/482.png,532,2.055555556,0.7,0.566666667
IMAGES/483.png,450,1.833333333,0.828888889,1.5
IMAGES/484.png,450,1.833333333,0.861111111,1.344444444
IMAGES/485.png,650,1.833333333,0.7,1.344444444
IMAGES/486.png,450,2.055555556,0.925555556,1.344444444
IMAGES/487.png,450,1.833333333,0.99,1.344444444
IMAGES/488.png,780,2.055555556,0.732222222,0.411111111
IMAGES/489.png,450,1.611111111,0.925555556,1.5
IMAGES/490.png,532,1.166666667,0.7,0.411111111
IMAGES/491.png,780,0.5,0.7,0.411111111
IMAGES/492.png,650,2.277777778,0.861111111,0.255555556
IMAGES/493.png,450,0.5,0.925555556,0.411111111
IMAGES/494.png,532,0.722222222,0.99,1.5
IMAGES/495.png,532,0.722222222,0.99,0.411111111
IMAGES/496.png,450,0.722222222,0.925555556,0.566666667
IMAGES/497.png,450,0.722222222,0.957777778,0.566666667
IMAGES/498.png,780,1.611111111,0.828888889,0.411111111
IMAGES/499.png,650,0.722222222,0.925555556,0.877777778
IMAGES/500.png,532,0.5,0.957777778,0.722222222
IMAGES/501.png,650,2.055555556,0.764444444,1.188888889
IMAGES/502.png,780,1.388888889,0.925555556,0.411111111
IMAGES/503.png,650,2.055555556,0.796666667,1.033333333
IMAGES/504.png,532,0.722222222,0.828888889,1.5
IMAGES/505.png,450,2.277777778,0.861111111,0.722222222
IMAGES/506.png,780,2.055555556,0.957777778,1.188888889
IMAGES/507.png,780,1.388888889,0.7,0.722222222
IMAGES/508.png,532,1.166666667,0.764444444,1.188888889
IMAGES/509.png,532,0.722222222,0.764444444,1.5
IMAGES/510.png,780,0.5,0.957777778,1.188888889
IMAGES/511.png,650,1.166666667,0.828888889,1.188888889
IMAGES/512.png,450,0.5,0.925555556,1.033333333
IMAGES/513.png,532,1.388888889,0.764444444,0.411111111
IMAGES/514.png,450,2.5,0.764444444,1.344444444
IMAGES/515.png,780,1.833333333,0.925555556,0.722222222
IMAGES/516.png,650,1.611111111,0.764444444,0.566666667
IMAGES/517.png,650,1.611111111,0.99,0.566666667
IMAGES/518.png,650,0.722222222,0.957777778,1.033333333
IMAGES/519.png,780,1.611111111,0.893333333,0.566666667
IMAGES/520.png,532,1.611111111,0.732222222,1.033333333
IMAGES/521.png,450,1.611111111,0.861111111,0.566666667
IMAGES/522.png,780,2.5,0.764444444,0.1
IMAGES/523.png,532,1.611111111,0.796666667,0.722222222
IMAGES/524.png,650,1.166666667,0.732222222,0.877777778
IMAGES/525.png,780,0.722222222,0.732222222,1.188888889
IMAGES/526.png,780,0.722222222,0.796666667,0.566666667
IMAGES/527.png,650,0.5,0.861111111,0.411111111
IMAGES/528.png,532,1.833333333,0.732222222,0.411111111
IMAGES/529.png,650,2.277777778,0.99,0.411111111
IMAGES/530.png,450,0.722222222,0.828888889,0.1
IMAGES/531.png,450,2.055555556,0.957777778,0.566666667
IMAGES/532.png,650,2.277777778,0.732222222,0.411111111
IMAGES/533.png,450,1.833333333,0.828888889,0.566666667
IMAGES/534.png,450,1.166666667,0.99,0.255555556
IMAGES/535.png,532,0.944444444,0.925555556,1.5
IMAGES/536.png,450,2.055555556,0.764444444,0.877777778
IMAGES/537.png,532,1.611111111,0.925555556,0.877777778
IMAGES/538.png,780,1.611111111,0.99,1.5
IMAGES/539.png,650,1.388888889,0.764444444,1.033333333
IMAGES/540.png,780,2.277777778,0.99,0.877777778
IMAGES/541.png,450,1.388888889,0.861111111,0.722222222
IMAGES/542.png,532,1.833333333,0.7,1.033333333
IMAGES/543.png,532,0.944444444,0.732222222,0.566666667
IMAGES/544.png,450,1.833333333,0.957777778,0.722222222
IMAGES/545.png,780,0.722222222,0.925555556,0.566666667
IMAGES/546.png,450,0.722222222,0.796666667,1.188888889
IMAGES/547.png,780,0.722222222,0.861111111,1.188888889
IMAGES/548.png,650,0.944444444,0.99,1.344444444
IMAGES/549.png,532,2.055555556,0.893333333,1.188888889
IMAGES/550.png,450,0.722222222,0.99,0.255555556
IMAGES/551.png,780,1.388888889,0.925555556,0.722222222
IMAGES/552.png,532,0.5,0.732222222,1.5
IMAGES/553.png,780,2.277777778,0.893333333,0.411111111
IMAGES/554.png,650,2.055555556,0.732222222,0.1
IMAGES/555.png,450,2.5,0.7,0.566666667
IMAGES/556.png,450,1.388888889,0.861111111,0.722222222
IMAGES/557.png,532,0.5,0.764444444,0.877777778
IMAGES/558.png,532,2.5,0.957777778,0.255555556
IMAGES/559.png,532,2.277777778,0.796666667,1.033333333
IMAGES/560.png,450,1.611111111,0.7,0.877777778
IMAGES/561.png,780,1.833333333,0.861111111,0.1
IMAGES/562.png,780,1.166666667,0.828888889,0.1
IMAGES/563.png,650,1.611111111,0.99,1.5
IMAGES/564.png,650,2.055555556,0.957777778,0.877777778
IMAGES/565.png,650,1.388888889,0.732222222,0.411111111
IMAGES/566.png,532,1.388888889,0.764444444,0.877777778
IMAGES/567.png,450,1.611111111,0.957777778,0.722222222
IMAGES/568.png,532,0.5,0.732222222,0.877777778
IMAGES/569.png,532,0.722222222,0.99,1.188888889
IMAGES/570.png,650,1.833333333,0.893333333,0.722222222
IMAGES/571.png,650,2.055555556,0.732222222,0.722222222
IMAGES/572.png,780,0.722222222,0.7,1.033333333
IMAGES/573.png,780,0.722222222,0.861111111,1.5
IMAGES/574.png,532,2.277777778,0.925555556,1.5
IMAGES/575.png,650,1.833333333,0.732222222,1.033333333
IMAGES/576.png,780,0.722222222,0.925555556,1.5
IMAGES/577.png,450,0.944444444,0.828888889,0.877777778
IMAGES/578.png,650,2.5,0.893333333,0.566666667
IMAGES/579.png,532,2.055555556,0.861111111,1.344444444
IMAGES/580.png,532,1.166666667,0.7,0.722222222
IMAGES/581.png,450,1.611111111,0.99,0.1
IMAGES/582.png,450,0.944444444,0.796666667,1.5
IMAGES/583.png,450,1.611111111,0.99,1.5
IMAGES/584.png,780,0.722222222,0.957777778,1.188888889
IMAGES/585.png,532,2.277777778,0.764444444,0.411111111
IMAGES/586.png,780,2.277777778,0.764444444,0.1
IMAGES/587.png,532,1.833333333,0.732222222,1.033333333
IMAGES/588.png,780,1.166666667,0.732222222,0.566666667
IMAGES/589.png,450,0.722222222,0.796666667,0.411111111
IMAGES/590.png,650,1.388888889,0.7,1.5
IMAGES/591.png,532,2.277777778,0.828888889,0.411111111
IMAGES/592.png,650,2.055555556,0.828888889,0.722222222
IMAGES/593.png,780,1.611111111,0.893333333,0.1
IMAGES/594.png,532,1.833333333,0.861111111,0.1
IMAGES/595.png,650,1.611111111,0.893333333,0.722222222
IMAGES/596.png,532,1.388888889,0.732222222,0.877777778
IMAGES/597.png,780,1.166666667,0.925555556,0.411111111
IMAGES/598.png,780,1.611111111,0.7,0.255555556
IMAGES/599.png,650,1.166666667,0.796666667,1.033333333
IMAGES/600.png,650,2.5,0.732222222,1.033333333
IMAGES/601.png,532,0.722222222,0.893333333,0.1
IMAGES/602.png,450,0.944444444,0.925555556,1.188888889
IMAGES/603.png,650,0.944444444,0.861111111,0.722222222
IMAGES/604.png,532,0.722222222,0.7,1.5
IMAGES/605.png,532,2.055555556,0.732222222,1.033333333
IMAGES/606.png,780,0.722222222,0.7,0.722222222
IMAGES/607.png,650,2.277777778,0.957777778,0.566666667
IMAGES/608.png,450,1.388888889,0.957777778,1.033333333
IMAGES/609.png,450,2.5,0.732222222,1.5
IMAGES/610.png,450,2.5,0.764444444,0.877777778
IMAGES/611.png,780,0.722222222,0.861111111,1.188888889
IMAGES/612.png,650,2.5,0.861111111,1.033333333
IMAGES/613.png,532,0.722222222,0.828888889,1.188888889
IMAGES/614.png,650,0.5,0.7,0.1
IMAGES/615.png,532,0.722222222,0.925555556,1.188888889
IMAGES/616.png,450,1.611111111,0.764444444,1.344444444
IMAGES/617.png,650,2.055555556,0.861111111,0.566666667
IMAGES/618.png,780,0.722222222,0.99,0.411111111
IMAGES/619.png,450,0.722222222,0.828888889,0.255555556
IMAGES/620.png,650,2.277777778,0.957777778,0.566666667
IMAGES/621.png,532,2.5,0.957777778,1.344444444
IMAGES/622.png,450,0.5,0.99,0.566666667
IMAGES/623.png,532,2.5,0.99,0.722222222
IMAGES/624.png,650,0.722222222,0.796666667,1.188888889
IMAGES/625.png,650,2.055555556,0.828888889,1.5
IMAGES/626.png,450,0.5,0.732222222,0.566666667
IMAGES/627.png,450,1.833333333,0.7,1.188888889
IMAGES/628.png,650,2.5,0.764444444,0.1
IMAGES/629.png,780,2.5,0.828888889,0.1
IMAGES/630.png,650,0.944444444,0.764444444,0.1
IMAGES/631.png,650,2.5,0.7,0.255555556
IMAGES/632.png,450,0.944444444,0.893333333,0.722222222
IMAGES/633.png,532,1.611111111,0.7,0.722222222
IMAGES/634.png,650,0.722222222,0.893333333,1.5
IMAGES/635.png,532,2.5,0.7,0.877777778
IMAGES/636.png,532,1.833333333,0.764444444,0.1
IMAGES/637.png,650,0.944444444,0.828888889,1.5
IMAGES/638.png,532,0.944444444,0.957777778,0.1
IMAGES/639.png,650,0.5,0.861111111,0.255555556
IMAGES/640.png,780,1.833333333,0.764444444,0.411111111
IMAGES/641.png,650,0.944444444,0.957777778,0.722222222
IMAGES/642.png,532,1.166666667,0.764444444,1.344444444
IMAGES/643.png,532,0.5,0.796666667,0.722222222
IMAGES/644.png,450,2.277777778,0.732222222,0.877777778
IMAGES/645.png,450,1.388888889,0.893333333,0.255555556
IMAGES/646.png,650,1.166666667,0.99,0.566666667
IMAGES/647.png,650,0.944444444,0.732222222,0.1
IMAGES/648.png,650,1.611111111,0.732222222,1.033333333
IMAGES/649.png,532,0.722222222,0.828888889,1.033333333
IMAGES/650.png,780,1.611111111,0.957777778,0.877777778
IMAGES/651.png,780,0.722222222,0.893333333,0.411111111
IMAGES/652.png,450,0.722222222,0.861111111,0.877777778
IMAGES/653.png,532,1.388888889,0.99,1.033333333
IMAGES/654.png,450,0.5,0.796666667,1.033333333
IMAGES/655.png,780,2.055555556,0.861111111,1.344444444
IMAGES/656.png,780,2.277777778,0.925555556,0.722222222
IMAGES/657.png,450,1.166666667,0.861111111,0.411111111
IMAGES/658.png,532,2.5,0.925555556,0.1
IMAGES/659.png,650,2.5,0.893333333,0.566666667
IMAGES/660.png,450,0.722222222,0.893333333,1.344444444
IMAGES/661.png,780,2.277777778,0.99,1.344444444
IMAGES/662.png,532,1.611111111,0.861111111,0.255555556
IMAGES/663.png,450,2.055555556,0.861111111,1.344444444
IMAGES/664.png,650,0.5,0.732222222,0.566666667
IMAGES/665.png,650,1.388888889,0.861111111,0.255555556
IMAGES/666.png,780,1.611111111,0.764444444,0.411111111
IMAGES/667.png,780,1.388888889,0.957777778,0.255555556
IMAGES/668.png,450,2.277777778,0.925555556,0.411111111
IMAGES/669.png,780,1.833333333,0.861111111,0.566666667
IMAGES/670.png,650,1.611111111,0.764444444,0.722222222
IMAGES/671.png,450,0.944444444,0.732222222,0.411111111
IMAGES/672.png,532,1.388888889,0.925555556,0.255555556
IMAGES/673.png,780,0.722222222,0.7,0.722222222
IMAGES/674.png,780,0.722222222,0.764444444,1.344444444
IMAGES/675.png,650,1.388888889,0.861111111,0.566666667
IMAGES/676.png,532,1.611111111,0.828888889,0.1
IMAGES/677.png,650,2.055555556,0.732222222,0.411111111
IMAGES/678.png,650,1.166666667,0.7,1.033333333
IMAGES/679.png,450,1.166666667,0.925555556,1.344444444
IMAGES/680.png,650,0.944444444,0.764444444,0.877777778
IMAGES/681.png,650,2.277777778,0.764444444,0.255555556
IMAGES/682.png,450,2.277777778,0.828888889,0.566666667
IMAGES/683.png,780,2.5,0.7,0.255555556
IMAGES/684.png,450,0.5,0.925555556,1.344444444
IMAGES/685.png,532,2.277777778,0.7,1.5
IMAGES/686.png,650,1.611111111,0.7,1.5
IMAGES/687.png,650,2.055555556,0.99,1.033333333
IMAGES/688.png,532,0.944444444,0.828888889,0.411111111
IMAGES/689.png,450,2.277777778,0.957777778,0.566666667
IMAGES/690.png,650,1.611111111,0.99,0.877777778
IMAGES/691.png,532,1.166666667,0.99,0.411111111
IMAGES/692.png,780,1.611111111,0.828888889,0.1
IMAGES/693.png,532,1.611111111,0.861111111,0.1
IMAGES/694.png,780,2.055555556,0.732222222,0.255555556
IMAGES/695.png,532,0.944444444,0.732222222,0.877777778
IMAGES/696.png,780,1.166666667,0.957777778,0.722222222
IMAGES/697.png,650,0.944444444,0.925555556,1.188888889
IMAGES/698.png,780,1.166666667,0.861111111,0.722222222
IMAGES/699.png,532,2.5,0.861111111,0.255555556
IMAGES/700.png,780,2.5,0.893333333,0.566666667
IMAGES/701.png,780,2.277777778,0.861111111,1.188888889
IMAGES/702.png,450,2.5,0.861111111,1.188888889
IMAGES/703.png,532,2.5,0.764444444,1.033333333
IMAGES/704.png,532,1.388888889,0.893333333,0.722222222
IMAGES/705.png,650,2.055555556,0.925555556,0.411111111
IMAGES/706.png,450,2.055555556,0.925555556,1.033333333
IMAGES/707.png,532,0.5,0.893333333,0.411111111
IMAGES/708.png,780,0.722222222,0.764444444,0.722222222
IMAGES/709.png,450,2.055555556,0.828888889,0.255555556
IMAGES/710.png,450,2.277777778,0.861111111,0.1
IMAGES/711.png,450,2.277777778,0.957777778,0.1
IMAGES/712.png,532,1.388888889,0.828888889,0.566666667
IMAGES/713.png,532,0.944444444,0.7,1.5
IMAGES/714.png,780,2.5,0.732222222,0.566666667
IMAGES/715.png,780,2.277777778,0.732222222,0.722222222
IMAGES/716.png,780,0.5,0.7,1.033333333
IMAGES/717.png,450,2.5,0.861111111,1.188888889
IMAGES/718.png,532,2.5,0.828888889,0.877777778
IMAGES/719.png,780,0.722222222,0.99,0.411111111
IMAGES/720.png,780,1.611111111,0.7,1.344444444
IMAGES/721.png,532,2.277777778,0.861111111,1.188888889
IMAGES/722.png,650,2.277777778,0.7,1.5
IMAGES/723.png,780,0.722222222,0.925555556,1.5
IMAGES/724.png,532,0.722222222,0.7,0.255555556
IMAGES/725.png,650,1.611111111,0.99,1.5
IMAGES/726.png,780,2.055555556,0.957777778,1.188888889
IMAGES/727.png,450,1.833333333,0.7,0.566666667
IMAGES/728.png,650,1.166666667,0.764444444,0.877777778
IMAGES/729.png,650,0.722222222,0.7,0.566666667
IMAGES/730.png,532,2.055555556,0.796666667,1.188888889
IMAGES/731.png,532,2.277777778,0.99,1.188888889
IMAGES/732.png,650,2.5,0.7,0.877777778
IMAGES/733.png,450,2.5,0.99,0.255555556
IMAGES/734.png,650,2.5,0.861111111,0.566666667
IMAGES/735.png,532,1.166666667,0.893333333,1.5
IMAGES/736.png,780,1.833333333,0.764444444,1.033333333
IMAGES/737.png,450,0.5,0.893333333,0.877777778
IMAGES/738.png,532,2.277777778,0.893333333,1.188888889
IMAGES/739.png,450,2.277777778,0.7,0.877777778
IMAGES/740.png,650,1.611111111,0.828888889,0.411111111
IMAGES/741.png,650,2.277777778,0.957777778,1.5
IMAGES/742.png,780,2.277777778,0.925555556,0.566666667
IMAGES/743.png,450,2.277777778,0.732222222,0.566666667
IMAGES/744.png,532,2.5,0.893333333,0.566666667
IMAGES/745.png,532,2.277777778,0.796666667,0.411111111
IMAGES/746.png,450,0.722222222,0.828888889,0.722222222
IMAGES/747.png,450,1.833333333,0.764444444,1.344444444
IMAGES/748.png,532,2.055555556,0.7,1.033333333
IMAGES/749.png,650,0.944444444,0.764444444,0.566666667
IMAGES/750.png,780,1.388888889,0.828888889,0.566666667
IMAGES/751.png,450,2.5,0.957777778,0.877777778
IMAGES/752.png,650,2.055555556,0.7,1.5
IMAGES/753.png,532,0.5,0.764444444,1.033333333
IMAGES/754.png,650,1.388888889,0.732222222,1.344444444
IMAGES/755.png,650,2.5,0.925555556,0.411111111
IMAGES/756.png,650,2.5,0.99,0.877777778
IMAGES/757.png,532,2.277777778,0.925555556,0.722222222
IMAGES/758.png,780,1.833333333,0.99,0.255555556
IMAGES/759.png,532,1.833333333,0.828888889,0.411111111
IMAGES/760.png,780,2.055555556,0.7,1.5
IMAGES/761.png,450,2.055555556,0.893333333,0.877777778
IMAGES/762.png,650,1.611111111,0.732222222,1.344444444
IMAGES/763.png,532,0.5,0.925555556,0.877777778
IMAGES/764.png,650,1.166666667,0.925555556,0.1
IMAGES/765.png,650,1.388888889,0.732222222,1.188888889
IMAGES/766.png,450,1.833333333,0.7,0.722222222
IMAGES/767.png,450,0.722222222,0.796666667,1.188888889
IMAGES/768.png,532,2.055555556,0.7,1.188888889
IMAGES/769.png,780,1.388888889,0.796666667,0.877777778
IMAGES/770.png,780,0.944444444,0.796666667,0.877777778
IMAGES/771.png,650,2.277777778,0.957777778,0.877777778
IMAGES/772.png,532,2.055555556,0.764444444,0.1
IMAGES/773.png,780,2.5,0.7,1.5
IMAGES/774.png,450,1.833333333,0.732222222,0.255555556
IMAGES/775.png,450,0.5,0.893333333,1.344444444
IMAGES/776.png,780,1.166666667,0.796666667,0.255555556
IMAGES/777.png,450,1.833333333,0.99,0.722222222
IMAGES/778.png,532,2.5,0.732222222,0.877777778
IMAGES/779.png,532,2.277777778,0.925555556,0.722222222
IMAGES/780.png,450,0.5,0.796666667,1.033333333
IMAGES/781.png,780,2.5,0.861111111,0.877777778
IMAGES/782.png,532,1.833333333,0.861111111,0.566666667
IMAGES/783.png,450,1.166666667,0.764444444,0.877777778
IMAGES/784.png,532,0.5,0.796666667,0.1
IMAGES/785.png,450,1.833333333,0.796666667,1.5
IMAGES/786.png,450,1.166666667,0.893333333,0.411111111
IMAGES/787.png,780,1.833333333,0.99,0.566666667
IMAGES/788.png,780,1.611111111,0.99,0.1
IMAGES/789.png,450,1.166666667,0.7,0.566666667
IMAGES/790.png,650,2.277777778,0.861111111,0.255555556
IMAGES/791.png,650,2.055555556,0.893333333,0.411111111
IMAGES/792.png,650,1.833333333,0.732222222,1.033333333
IMAGES/793.png,450,2.055555556,0.764444444,0.1
IMAGES/794.png,650,0.5,0.764444444,0.566666667
IMAGES/795.png,532,1.388888889,0.7,0.411111111
IMAGES/796.png,450,1.833333333,0.99,0.877777778
IMAGES/797.png,780,1.611111111,0.861111111,1.5
IMAGES/798.png,650,1.611111111,0.893333333,0.411111111
IMAGES/799.png,450,0.5,0.796666667,1.188888889
IMAGES/800.png,650,1.166666667,0.861111111,0.566666667
IMAGES/801.png,450,0.944444444,0.796666667,0.411111111
IMAGES/802.png,532,0.722222222,0.7,1.344444444
IMAGES/803.png,532,0.944444444,0.99,1.344444444
IMAGES/804.png,650,1.388888889,0.828888889,1.188888889
IMAGES/805.png,450,2.055555556,0.925555556,1.5
IMAGES/806.png,650,1.388888889,0.7,1.344444444
IMAGES/807.png,532,1.388888889,0.957777778,0.566666667
IMAGES/808.png,532,1.388888889,0.99,1.344444444
IMAGES/809.png,650,1.388888889,0.99,1.5
IMAGES/810.png,532,2.277777778,0.828888889,0.255555556
IMAGES/811.png,650,1.388888889,0.828888889,0.255555556
IMAGES/812.png,780,1.833333333,0.732222222,0.255555556
IMAGES/813.png,780,2.055555556,0.99,0.722222222
IMAGES/814.png,780,0.722222222,0.7,1.5
IMAGES/815.png,450,1.388888889,0.925555556,0.255555556
IMAGES/816.png,450,0.722222222,0.764444444,0.1
IMAGES/817.png,650,0.722222222,0.7,0.566666667
IMAGES/818.png,532,0.944444444,0.99,0.877777778
IMAGES/819.png,650,2.5,0.861111111,0.255555556
IMAGES/820.png,532,1.611111111,0.764444444,0.1
IMAGES/821.png,450,0.944444444,0.925555556,0.255555556
IMAGES/822.png,650,0.722222222,0.957777778,0.1
IMAGES/823.png,780,2.277777778,0.99,0.722222222
IMAGES/824.png,780,2.277777778,0.893333333,0.255555556
IMAGES/825.png,650,0.5,0.7,1.033333333
IMAGES/826.png,780,2.055555556,0.893333333,0.566666667
IMAGES/827.png,650,1.833333333,0.732222222,1.344444444
IMAGES/828.png,650,0.5,0.893333333,0.1
IMAGES/829.png,780,2.055555556,0.7,1.033333333
IMAGES/830.png,532,0.944444444,0.828888889,1.344444444
IMAGES/831.png,450,0.5,0.796666667,0.566666667
IMAGES/832.png,650,1.166666667,0.7,1.5
IMAGES/833.png,780,2.277777778,0.99,0.566666667
IMAGES/834.png,450,2.055555556,0.732222222,0.566666667
IMAGES/835.png,780,0.944444444,0.828888889,0.1
IMAGES/836.png,780,2.277777778,0.861111111,1.033333333
IMAGES/837.png,532,1.166666667,0.957777778,1.5
IMAGES/838.png,650,1.611111111,0.732222222,1.033333333
IMAGES/839.png,450,1.833333333,0.796666667,1.344444444
IMAGES/840.png,450,0.944444444,0.764444444,1.5
IMAGES/841.png,532,0.722222222,0.796666667,1.5
IMAGES/842.png,650,0.5,0.893333333,0.722222222
IMAGES/843.png,450,0.5,0.796666667,1.344444444
IMAGES/844.png,532,1.833333333,0.764444444,0.877777778
IMAGES/845.png,450,0.944444444,0.861111111,1.344444444
IMAGES/846.png,450,2.055555556,0.925555556,0.722222222
IMAGES/847.png,650,1.166666667,0.957777778,1.344444444
IMAGES/848.png,650,1.166666667,0.925555556,0.722222222
IMAGES/849.png,650,0.5,0.957777778,0.255555556
IMAGES/850.png,450,2.5,0.925555556,0.877777778
IMAGES/851.png,650,2.5,0.957777778,0.877777778
IMAGES/852.png,780,0.944444444,0.764444444,0.255555556
IMAGES/853.png,532,0.944444444,0.925555556,0.722222222
IMAGES/854.png,650,1.388888889,0.861111111,0.722222222
IMAGES/855.png,450,1.388888889,0.925555556,1.033333333
IMAGES/856.png,450,0.722222222,0.732222222,0.1
IMAGES/857.png,532,1.166666667,0.796666667,0.877777778
IMAGES/858.png,780,1.388888889,0.796666667,0.722222222
IMAGES/859.png,780,1.388888889,0.893333333,0.566666667
IMAGES/860.png,650,2.277777778,0.893333333,1.188888889
IMAGES/861.png,532,2.055555556,0.7,0.411111111
IMAGES/862.png,780,1.611111111,0.957777778,0.411111111
IMAGES/863.png,532,0.5,0.7,0.1
IMAGES/864.png,450,0.5,0.828888889,0.1
IMAGES/865.png,532,2.055555556,0.893333333,0.566666667
IMAGES/866.png,450,2.5,0.732222222,0.1
IMAGES/867.png,780,0.944444444,0.7,1.033333333
IMAGES/868.png,450,1.611111111,0.893333333,1.188888889
IMAGES/869.png,450,0.944444444,0.957777778,0.255555556
IMAGES/870.png,650,2.055555556,0.925555556,0.255555556
IMAGES/871.png,780,2.5,0.828888889,1.033333333
IMAGES/872.png,780,0.5,0.893333333,0.722222222
IMAGES/873.png,650,2.055555556,0.828888889,0.255555556
IMAGES/874.png,780,2.055555556,0.732222222,0.255555556
IMAGES/875.png,532,1.833333333,0.861111111,0.255555556
IMAGES/876.png,450,1.833333333,0.957777778,0.411111111
IMAGES/877.png,532,2.055555556,0.957777778,1.344444444
IMAGES/878.png,532,0.722222222,0.796666667,1.033333333
IMAGES/879.png,650,2.277777778,0.828888889,0.411111111
IMAGES/880.png,650,2.5,0.957777778,0.566666667
IMAGES/881.png,532,2.055555556,0.796666667,1.188888889
IMAGES/882.png,780,1.833333333,0.7,0.722222222
IMAGES/883.png,450,1.611111111,0.99,1.5
IMAGES/884.png,650,1.166666667,0.893333333,1.5
IMAGES/885.png,780,2.5,0.99,1.344444444
IMAGES/886.png,780,0.5,0.99,0.722222222
IMAGES/887.png,780,0.722222222,0.861111111,1.344444444
IMAGES/888.png,532,0.944444444,0.828888889,0.411111111
IMAGES/889.png,450,2.277777778,0.957777778,1.033333333
IMAGES/890.png,532,1.166666667,0.99,0.877777778
IMAGES/891.png,450,1.611111111,0.99,1.344444444
IMAGES/892.png,450,0.722222222,0.732222222,1.344444444
IMAGES/893.png,450,1.388888889,0.861111111,0.1
IMAGES/894.png,532,2.277777778,0.732222222,0.722222222
IMAGES/895.png,650,1.611111111,0.99,1.033333333
IMAGES/896.png,532,1.166666667,0.925555556,0.877777778
IMAGES/897.png,650,0.5,0.764444444,1.033333333
IMAGES/898.png,780,1.611111111,0.957777778,0.255555556
IMAGES/899.png,450,0.722222222,0.925555556,0.877777778
IMAGES/900.png,450,0.944444444,0.7,1.188888889
IMAGES/901.png,532,2.055555556,0.732222222,0.411111111
IMAGES/902.png,780,1.388888889,0.861111111,0.1
IMAGES/903.png,780,0.944444444,0.893333333,0.255555556
IMAGES/904.png,780,0.5,0.7,0.722222222
IMAGES/905.png,650,0.5,0.957777778,1.188888889
IMAGES/906.png,650,0.944444444,0.861111111,1.5
IMAGES/907.png,780,0.944444444,0.828888889,1.344444444
IMAGES/908.png,450,0.722222222,0.7,1.188888889
IMAGES/909.png,650,0.722222222,0.764444444,0.1
IMAGES/910.png,780,0.944444444,0.764444444,0.877777778
IMAGES/911.png,780,2.5,0.7,1.344444444
IMAGES/912.png,780,2.5,0.957777778,0.722222222
IMAGES/913.png,450,0.722222222,0.764444444,0.566666667
IMAGES/914.png,532,1.833333333,0.893333333,1.033333333
IMAGES/915.png,780,2.055555556,0.893333333,0.722222222
IMAGES/916.png,780,2.277777778,0.861111111,0.1
IMAGES/917.png,450,1.611111111,0.925555556,1.033333333
IMAGES/918.png,450,1.166666667,0.99,0.877777778
IMAGES/919.png,450,2.5,0.828888889,0.566666667
IMAGES/920.png,780,0.5,0.732222222,0.722222222
IMAGES/921.png,780,2.055555556,0.764444444,0.722222222
IMAGES/922.png,780,1.166666667,0.764444444,0.255555556
IMAGES/923.png,650,2.5,0.732222222,0.877777778
IMAGES/924.png,650,1.611111111,0.828888889,0.411111111
IMAGES/925.png,532,0.722222222,0.732222222,1.344444444
IMAGES/926.png,532,0.5,0.764444444,0.566666667
IMAGES/927.png,532,1.833333333,0.957777778,1.344444444
IMAGES/928.png,450,2.055555556,0.99,0.722222222
IMAGES/929.png,532,0.722222222,0.732222222,0.877777778
IMAGES/930.png,450,2.277777778,0.957777778,1.344444444
IMAGES/931.png,650,1.388888889,0.828888889,0.411111111
IMAGES/932.png,780,0.722222222,0.957777778,1.033333333
IMAGES/933.png,650,1.611111111,0.764444444,1.188888889
IMAGES/934.png,532,1.833333333,0.893333333,0.255555556
IMAGES/935.png,780,0.722222222,0.99,1.033333333
IMAGES/936.png,450,1.388888889,0.796666667,0.877777778
IMAGES/937.png,450,1.166666667,0.796666667,0.1
IMAGES/938.png,450,0.944444444,0.893333333,0.255555556
IMAGES/939.png,650,1.611111111,0.925555556,0.1
IMAGES/940.png,650,2.5,0.893333333,1.188888889
IMAGES/941.png,532,1.611111111,0.7,1.188888889
IMAGES/942.png,532,1.166666667,0.99,0.255555556
IMAGES/943.png,780,0.944444444,0.732222222,1.188888889
IMAGES/944.png,780,1.388888889,0.99,1.188888889
IMAGES/945.png,450,0.5,0.861111111,0.255555556
IMAGES/946.png,450,1.388888889,0.828888889,0.877777778
IMAGES/947.png,450,0.722222222,0.99,1.5
IMAGES/948.png,650,0.944444444,0.764444444,0.877777778
IMAGES/949.png,450,2.055555556,0.732222222,0.255555556
IMAGES/950.png,780,1.833333333,0.893333333,1.344444444
IMAGES/951.png,650,2.055555556,0.732222222,0.722222222
IMAGES/952.png,780,0.722222222,0.861111111,0.566666667
IMAGES/953.png,650,2.5,0.796666667,0.255555556
IMAGES/954.png,650,0.722222222,0.893333333,0.255555556
IMAGES/955.png,650,2.277777778,0.925555556,1.188888889
IMAGES/956.png,450,1.833333333,0.925555556,0.255555556
IMAGES/957.png,780,2.5,0.828888889,0.1
IMAGES/958.png,650,1.833333333,0.957777778,1.5
IMAGES/959.png,650,2.277777778,0.7,1.5
IMAGES/960.png,450,1.388888889,0.732222222,1.344444444
IMAGES/961.png,532,1.611111111,0.796666667,1.5
IMAGES/962.png,780,1.833333333,0.828888889,1.5
IMAGES/963.png,532,1.611111111,0.796666667,1.188888889
IMAGES/964.png,780,2.277777778,0.828888889,0.877777778
IMAGES/965.png,450,0.722222222,0.828888889,1.344444444
IMAGES/966.png,650,1.388888889,0.957777778,0.877777778
IMAGES/967.png,780,1.833333333,0.925555556,0.1
IMAGES/968.png,532,1.611111111,0.861111111,0.255555556
IMAGES/969.png,450,1.611111111,0.732222222,0.411111111
IMAGES/970.png,650,1.388888889,0.957777778,1.033333333
IMAGES/971.png,532,0.5,0.7,0.722222222
IMAGES/972.png,650,0.944444444,0.893333333,0.1
IMAGES/973.png,532,2.055555556,0.828888889,0.255555556
IMAGES/974.png,780,1.611111111,0.7,0.877777778
IMAGES/975.png,532,1.611111111,0.796666667,0.255555556
IMAGES/976.png,650,1.833333333,0.861111111,0.255555556
IMAGES/977.png,532,0.5,0.893333333,0.566666667
IMAGES/978.png,780,2.277777778,0.861111111,1.344444444
IMAGES/979.png,450,0.722222222,0.732222222,0.877777778
IMAGES/980.png,450,1.388888889,0.957777778,0.566666667
IMAGES/981.png,450,1.611111111,0.861111111,0.255555556
IMAGES/982.png,650,1.833333333,0.893333333,0.877777778
IMAGES/983.png,780,1.388888889,0.732222222,0.877777778
IMAGES/984.png,532,0.944444444,0.861111111,0.877777778
IMAGES/985.png,532,1.611111111,0.893333333,0.255555556
IMAGES/986.png,532,2.055555556,0.861111111,0.566666667
IMAGES/987.png,780,1.833333333,0.7,0.411111111
IMAGES/988.png,650,2.055555556,0.7,1.344444444
IMAGES/989.png,780,2.055555556,0.925555556,0.1
IMAGES/990.png,780,2.5,0.957777778,0.877777778
IMAGES/991.png,532,2.055555556,0.7,0.1
IMAGES/992.png,780,1.611111111,0.796666667,0.877777778
IMAGES/993.png,650,0.5,0.861111111,1.5
IMAGES/994.png,650,0.722222222,0.796666667,1.033333333
IMAGES/995.png,780,1.833333333,0.925555556,0.411111111
IMAGES/996.png,780,1.833333333,0.861111111,0.877777778
IMAGES/997.png,780,1.388888889,0.957777778,0.411111111
IMAGES/998.png,532,1.611111111,0.732222222,1.188888889
IMAGES/999.png,780,2.055555556,0.796666667,0.566666667
IMAGES/1000.png,450,1.166666667,0.861111111,0.877777778
IMAGES/1001.png,450,1.833333333,0.925555556,0.411111111
IMAGES/1002.png,450,2.5,0.893333333,1.033333333
IMAGES/1003.png,650,2.055555556,0.893333333,1.188888889
IMAGES/1004.png,450,2.055555556,0.7,0.411111111
IMAGES/1005.png,650,1.611111111,0.828888889,1.5
IMAGES/1006.png,532,1.833333333,0.7,0.566666667
IMAGES/1007.png,532,2.5,0.828888889,1.5
IMAGES/1008.png,780,2.055555556,0.99,0.1
IMAGES/1009.png,450,2.277777778,0.7,0.566666667
IMAGES/1010.png,450,1.611111111,0.925555556,0.722222222
IMAGES/1011.png,780,0.722222222,0.732222222,0.722222222
IMAGES/1012.png,450,1.611111111,0.957777778,1.188888889
IMAGES/1013.png,450,2.5,0.7,0.1
IMAGES/1014.png,450,2.055555556,0.828888889,0.877777778
IMAGES/1015.png,532,1.388888889,0.99,1.188888889
IMAGES/1016.png,780,1.611111111,0.828888889,0.1
IMAGES/1017.png,532,1.388888889,0.957777778,0.566666667
IMAGES/1018.png,532,1.166666667,0.764444444,0.255555556
IMAGES/1019.png,650,2.5,0.861111111,0.255555556
IMAGES/1020.png,450,2.055555556,0.925555556,0.1
IMAGES/1021.png,650,0.5,0.893333333,0.1
IMAGES/1022.png,532,1.388888889,0.732222222,0.411111111
IMAGES/1023.png,450,2.055555556,0.828888889,0.722222222
IMAGES/1024.png,650,0.722222222,0.828888889,0.722222222
IMAGES/1025.png,650,1.166666667,0.925555556,0.566666667
IMAGES/1026.png,780,0.944444444,0.861111111,0.255555556
IMAGES/1027.png,650,1.611111111,0.861111111,0.255555556
IMAGES/1028.png,532,1.166666667,0.796666667,1.344444444
IMAGES/1029.png,650,1.833333333,0.732222222,1.5
IMAGES/1030.png,450,2.5,0.957777778,0.722222222
IMAGES/1031.png,780,1.166666667,0.861111111,0.566666667
IMAGES/1032.png,650,2.277777778,0.893333333,0.255555556
IMAGES/1033.png,450,0.5,0.764444444,0.1
IMAGES/1034.png,450,0.5,0.957777778,1.344444444
IMAGES/1035.png,450,2.277777778,0.957777778,1.033333333
IMAGES/1036.png,780,1.833333333,0.893333333,1.344444444
IMAGES/1037.png,532,2.5,0.925555556,1.344444444
IMAGES/1038.png,532,2.5,0.828888889,0.255555556
IMAGES/1039.png,780,2.277777778,0.861111111,0.411111111
IMAGES/1040.png,780,0.944444444,0.796666667,1.5
IMAGES/1041.png,780,2.5,0.828888889,0.255555556
IMAGES/1042.png,650,0.944444444,0.957777778,1.5
IMAGES/1043.png,650,1.833333333,0.796666667,0.877777778
IMAGES/1044.png,650,1.611111111,0.99,0.877777778
IMAGES/1045.png,532,1.611111111,0.99,1.5
IMAGES/1046.png,650,0.5,0.764444444,0.255555556
IMAGES/1047.png,532,1.611111111,0.957777778,1.344444444
IMAGES/1048.png,450,1.166666667,0.7,0.566666667
IMAGES/1049.png,650,2.055555556,0.99,1.033333333
IMAGES/1050.png,780,2.5,0.732222222,0.722222222
IMAGES/1051.png,532,1.611111111,0.861111111,1.033333333
IMAGES/1052.png,650,0.722222222,0.796666667,1.344444444
IMAGES/1053.png,650,2.055555556,0.732222222,1.033333333
IMAGES/1054.png,780,2.277777778,0.764444444,0.255555556
IMAGES/1055.png,780,1.166666667,0.7,1.5
IMAGES/1056.png,450,1.833333333,0.925555556,0.411111111
IMAGES/1057.png,450,0.722222222,0.7,1.5
IMAGES/1058.png,650,0.944444444,0.925555556,0.722222222
IMAGES/1059.png,650,1.388888889,0.764444444,1.344444444
IMAGES/1060.png,450,0.5,0.925555556,0.877777778
IMAGES/1061.png,650,2.5,0.764444444,0.722222222
IMAGES/1062.png,780,0.5,0.764444444,0.255555556
IMAGES/1063.png,780,2.5,0.861111111,0.255555556
IMAGES/1064.png,450,1.611111111,0.957777778,1.188888889
IMAGES/1065.png,450,2.5,0.957777778,0.1
IMAGES/1066.png,650,0.722222222,0.925555556,0.411111111
IMAGES/1067.png,780,2.055555556,0.861111111,0.411111111
IMAGES/1068.png,532,0.944444444,0.796666667,0.255555556
IMAGES/1069.png,650,2.277777778,0.957777778,0.255555556
IMAGES/1070.png,650,2.5,0.796666667,1.188888889
IMAGES/1071.png,780,1.833333333,0.893333333,1.344444444
IMAGES/1072.png,780,1.388888889,0.957777778,0.877777778
IMAGES/1073.png,532,2.055555556,0.828888889,0.566666667
IMAGES/1074.png,532,0.5,0.893333333,0.722222222
IMAGES/1075.png,780,0.944444444,0.796666667,1.033333333
IMAGES/1076.png,650,1.611111111,0.99,1.188888889
IMAGES/1077.png,650,2.055555556,0.732222222,0.255555556
IMAGES/1078.png,650,2.5,0.861111111,1.033333333
IMAGES/1079.png,650,2.277777778,0.828888889,0.1
IMAGES/1080.png,532,1.166666667,0.957777778,1.344444444
IMAGES/1081.png,650,1.833333333,0.893333333,1.188888889
IMAGES/1082.png,780,2.5,0.732222222,0.722222222
IMAGES/1083.png,780,1.611111111,0.957777778,1.344444444
IMAGES/1084.png,450,0.944444444,0.828888889,0.566666667
IMAGES/1085.png,450,1.833333333,0.828888889,0.411111111
IMAGES/1086.png,650,2.055555556,0.957777778,0.566666667
IMAGES/1087.png,650,0.722222222,0.764444444,1.033333333
IMAGES/1088.png,650,1.388888889,0.893333333,1.188888889
IMAGES/1089.png,650,1.388888889,0.861111111,0.255555556
IMAGES/1090.png,532,0.944444444,0.861111111,1.5
IMAGES/1091.png,780,2.055555556,0.861111111,0.877777778
IMAGES/1092.png,532,1.833333333,0.7,1.033333333
IMAGES/1093.png,650,1.388888889,0.925555556,1.033333333
IMAGES/1094.png,650,2.055555556,0.764444444,0.411111111
IMAGES/1095.png,780,0.944444444,0.957777778,0.255555556
IMAGES/1096.png,450,2.055555556,0.796666667,0.255555556
IMAGES/1097.png,450,2.277777778,0.861111111,1.344444444
IMAGES/1098.png,780,2.055555556,0.957777778,0.411111111
IMAGES/1099.png,650,0.5,0.764444444,1.188888889
IMAGES/1100.png,450,0.944444444,0.7,1.188888889
IMAGES/1101.png,532,2.5,0.764444444,1.188888889
IMAGES/1102.png,650,2.277777778,0.828888889,0.411111111
IMAGES/1103.png,650,1.166666667,0.861111111,0.566666667
IMAGES/1104.png,650,2.277777778,0.732222222,0.255555556
IMAGES/1105.png,780,2.277777778,0.828888889,1.033333333
IMAGES/1106.png,650,0.5,0.732222222,0.722222222
IMAGES/1107.png,780,2.5,0.764444444,1.5
IMAGES/1108.png,532,0.722222222,0.925555556,1.344444444
IMAGES/1109.png,532,1.388888889,0.764444444,0.566666667
IMAGES/1110.png,780,1.388888889,0.893333333,1.5
IMAGES/1111.png,780,1.166666667,0.861111111,0.255555556
IMAGES/1112.png,532,2.055555556,0.861111111,1.344444444
IMAGES/1113.png,450,2.277777778,0.861111111,0.566666667
IMAGES/1114.png,780,0.944444444,0.732222222,0.566666667
IMAGES/1115.png,780,2.055555556,0.957777778,0.1
IMAGES/1116.png,450,1.833333333,0.957777778,0.255555556
IMAGES/1117.png,780,0.722222222,0.99,0.255555556
IMAGES/1118.png,532,2.277777778,0.7,1.188888889
IMAGES/1119.png,532,1.611111111,0.7,1.188888889
IMAGES/1120.png,450,1.833333333,0.925555556,1.188888889
IMAGES/1121.png,650,0.5,0.732222222,0.722222222
IMAGES/1122.png,450,1.833333333,0.828888889,1.188888889
IMAGES/1123.png,532,1.166666667,0.957777778,0.877777778
IMAGES/1124.png,650,2.277777778,0.796666667,0.877777778
IMAGES/1125.png,532,0.722222222,0.893333333,0.1
IMAGES/1126.png,450,1.166666667,0.861111111,1.5
IMAGES/1127.png,780,0.722222222,0.893333333,1.188888889
IMAGES/1128.png,780,0.5,0.925555556,0.411111111
IMAGES/1129.png,780,2.277777778,0.7,1.033333333
IMAGES/1130.png,450,2.5,0.732222222,0.411111111
IMAGES/1131.png,650,1.611111111,0.7,1.033333333
IMAGES/1132.png,650,1.611111111,0.732222222,0.411111111
IMAGES/1133.png,532,2.055555556,0.957777778,0.877777778
IMAGES/1134.png,532,2.5,0.957777778,0.1
IMAGES/1135.png,450,0.722222222,0.893333333,0.877777778
IMAGES/1136.png,532,1.388888889,0.893333333,1.344444444
IMAGES/1137.png,780,0.5,0.764444444,0.722222222
IMAGES/1138.png,780,1.611111111,0.796666667,0.255555556
IMAGES/1139.png,780,0.5,0.828888889,0.255555556
IMAGES/1140.png,650,0.944444444,0.732222222,0.411111111
IMAGES/1141.png,532,2.277777778,0.925555556,0.877777778
IMAGES/1142.png,650,2.277777778,0.893333333,0.1
IMAGES/1143.png,780,2.5,0.99,0.722222222
IMAGES/1144.png,650,1.611111111,0.893333333,0.1
IMAGES/1145.png,450,0.722222222,0.99,0.566666667
IMAGES/1146.png,650,0.944444444,0.7,0.255555556
IMAGES/1147.png,650,2.055555556,0.7,0.722222222
IMAGES/1148.png,650,0.944444444,0.764444444,0.255555556
IMAGES/1149.png,450,1.833333333,0.732222222,0.722222222
IMAGES/1150.png,450,1.166666667,0.925555556,1.033333333
IMAGES/1151.png,650,1.833333333,0.828888889,0.411111111
IMAGES/1152.png,450,0.944444444,0.732222222,0.722222222
IMAGES/1153.png,450,1.166666667,0.99,1.344444444
IMAGES/1154.png,532,1.833333333,0.796666667,1.188888889
IMAGES/1155.png,780,2.277777778,0.925555556,1.5
IMAGES/1156.png,780,2.277777778,0.861111111,0.255555556
IMAGES/1157.png,532,2.055555556,0.893333333,0.566666667
IMAGES/1158.png,780,0.5,0.925555556,0.877777778
IMAGES/1159.png,780,0.5,0.732222222,0.566666667
IMAGES/1160.png,780,1.833333333,0.7,1.033333333
IMAGES/1161.png,450,0.722222222,0.764444444,0.722222222
IMAGES/1162.png,650,1.833333333,0.861111111,0.1
IMAGES/1163.png,780,0.5,0.732222222,0.411111111
IMAGES/1164.png,650,2.5,0.732222222,1.033333333
IMAGES/1165.png,780,2.5,0.732222222,0.722222222
IMAGES/1166.png,650,2.055555556,0.828888889,1.344444444
IMAGES/1167.png,532,0.5,0.957777778,0.877777778
IMAGES/1168.png,780,1.166666667,0.925555556,0.877777778
IMAGES/1169.png,532,0.5,0.732222222,0.722222222
IMAGES/1170.png,450,2.5,0.7,1.344444444
IMAGES/1171.png,650,0.5,0.861111111,0.411111111
IMAGES/1172.png,532,0.5,0.828888889,1.5
IMAGES/1173.png,780,2.055555556,0.764444444,1.033333333
IMAGES/1174.png,780,2.055555556,0.925555556,1.188888889
IMAGES/1175.png,532,0.722222222,0.861111111,0.1
IMAGES/1176.png,450,1.388888889,0.99,0.1
IMAGES/1177.png,780,0.5,0.925555556,1.344444444
IMAGES/1178.png,532,0.944444444,0.925555556,0.1
IMAGES/1179.png,780,2.5,0.764444444,1.033333333
IMAGES/1180.png,650,1.833333333,0.764444444,0.877777778
IMAGES/1181.png,650,1.611111111,0.828888889,0.411111111
IMAGES/1182.png,450,1.833333333,0.7,0.411111111
IMAGES/1183.png,650,0.722222222,0.861111111,0.877777778
IMAGES/1184.png,780,2.055555556,0.957777778,0.722222222
IMAGES/1185.png,650,1.833333333,0.828888889,0.255555556
IMAGES/1186.png,650,2.277777778,0.861111111,0.722222222
IMAGES/1187.png,450,0.722222222,0.7,1.188888889
IMAGES/1188.png,650,1.166666667,0.893333333,0.566666667
IMAGES/1189.png,650,0.944444444,0.828888889,1.344444444
IMAGES/1190.png,450,2.277777778,0.796666667,1.344444444
IMAGES/1191.png,450,2.055555556,0.7,1.188888889
IMAGES/1192.png,780,0.722222222,0.957777778,0.877777778
IMAGES/1193.png,650,0.5,0.7,1.188888889
IMAGES/1194.png,532,0.944444444,0.796666667,0.877777778
IMAGES/1195.png,532,1.166666667,0.861111111,1.344444444
IMAGES/1196.png,650,2.5,0.732222222,0.722222222
IMAGES/1197.png,780,0.944444444,0.764444444,0.1
IMAGES/1198.png,780,2.055555556,0.7,1.188888889
IMAGES/1199.png,780,1.611111111,0.861111111,0.877777778
IMAGES/1200.png,780,2.055555556,0.861111111,0.722222222
IMAGES/1201.png,532,1.166666667,0.957777778,0.255555556
IMAGES/1202.png,780,2.5,0.7,0.1
IMAGES/1203.png,532,0.722222222,0.893333333,1.344444444
IMAGES/1204.png,780,0.5,0.764444444,0.722222222
IMAGES/1205.png,780,1.833333333,0.7,1.344444444
IMAGES/1206.png,450,2.5,0.732222222,0.877777778
IMAGES/1207.png,650,2.277777778,0.893333333,0.255555556
IMAGES/1208.png,650,2.277777778,0.828888889,0.255555556
IMAGES/1209.png,450,1.388888889,0.732222222,0.877777778
IMAGES/1210.png,532,1.166666667,0.957777778,0.566666667
IMAGES/1211.png,650,1.611111111,0.957777778,0.1
IMAGES/1212.png,532,0.944444444,0.925555556,0.566666667
IMAGES/1213.png,532,2.5,0.861111111,1.033333333
IMAGES/1214.png,532,0.5,0.796666667,1.5
IMAGES/1215.png,780,2.5,0.764444444,1.5
IMAGES/1216.png,780,2.055555556,0.828888889,1.344444444
IMAGES/1217.png,532,0.944444444,0.764444444,0.255555556
IMAGES/1218.png,780,2.055555556,0.893333333,0.1
IMAGES/1219.png,780,0.944444444,0.957777778,1.033333333
IMAGES/1220.png,532,2.055555556,0.957777778,0.877777778
IMAGES/1221.png,650,1.611111111,0.796666667,0.411111111
IMAGES/1222.png,450,0.5,0.99,0.255555556
IMAGES/1223.png,780,0.944444444,0.796666667,1.344444444
IMAGES/1224.png,650,2.5,0.957777778,1.188888889
IMAGES/1225.png,532,2.5,0.7,0.255555556
IMAGES/1226.png,532,1.388888889,0.861111111,1.033333333
IMAGES/1227.png,532,1.833333333,0.893333333,0.1
IMAGES/1228.png,650,2.5,0.893333333,0.566666667
IMAGES/1229.png,450,1.166666667,0.957777778,0.566666667
IMAGES/1230.png,532,1.611111111,0.893333333,0.722222222
IMAGES/1231.png,450,1.166666667,0.957777778,0.566666667
IMAGES/1232.png,450,0.944444444,0.99,1.344444444
IMAGES/1233.png,532,2.5,0.828888889,0.877777778
IMAGES/1234.png,650,0.5,0.99,1.033333333
IMAGES/1235.png,450,0.722222222,0.732222222,1.344444444
IMAGES/1236.png,650,1.611111111,0.828888889,1.5
IMAGES/1237.png,780,2.5,0.7,0.566666667
IMAGES/1238.png,780,2.055555556,0.893333333,0.877777778
IMAGES/1239.png,450,2.055555556,0.861111111,0.411111111
IMAGES/1240.png,450,2.055555556,0.7,1.5
IMAGES/1241.png,650,1.833333333,0.764444444,0.1
IMAGES/1242.png,532,0.944444444,0.925555556,1.188888889
IMAGES/1243.png,450,1.388888889,0.957777778,0.566666667
IMAGES/1244.png,780,0.5,0.764444444,0.722222222
IMAGES/1245.png,650,2.055555556,0.925555556,0.566666667
IMAGES/1246.png,450,0.944444444,0.7,0.722222222
IMAGES/1247.png,650,0.5,0.764444444,0.255555556
IMAGES/1248.png,780,0.944444444,0.893333333,0.255555556
IMAGES/1249.png,450,2.5,0.7,0.566666667
IMAGES/1250.png,450,1.833333333,0.732222222,1.344444444
IMAGES/1251.png,780,1.611111111,0.732222222,0.411111111
IMAGES/1252.png,650,2.055555556,0.925555556,1.033333333
IMAGES/1253.png,532,0.944444444,0.861111111,1.5
IMAGES/1254.png,650,0.944444444,0.7,1.033333333
IMAGES/1255.png,450,1.611111111,0.893333333,0.877777778
IMAGES/1256.png,650,1.388888889,0.893333333,0.877777778
IMAGES/1257.png,532,1.611111111,0.957777778,1.188888889
IMAGES/1258.png,450,0.5,0.828888889,0.411111111
IMAGES/1259.png,780,1.611111111,0.7,0.722222222
IMAGES/1260.png,650,1.166666667,0.796666667,0.411111111
IMAGES/1261.png,650,0.5,0.957777778,0.566666667
IMAGES/1262.png,780,1.388888889,0.957777778,0.722222222
IMAGES/1263.png,650,2.055555556,0.7,0.722222222
IMAGES/1264.png,532,1.611111111,0.828888889,0.877777778
IMAGES/1265.png,450,1.388888889,0.99,0.877777778
IMAGES/1266.png,780,1.166666667,0.796666667,0.722222222
IMAGES/1267.png,532,1.611111111,0.764444444,1.033333333
IMAGES/1268.png,780,0.722222222,0.99,1.344444444
IMAGES/1269.png,450,1.388888889,0.764444444,1.188888889
IMAGES/1270.png,450,2.055555556,0.957777778,0.722222222
IMAGES/1271.png,780,0.944444444,0.796666667,1.5
IMAGES/1272.png,450,2.277777778,0.925555556,0.1
IMAGES/1273.png,450,2.055555556,0.764444444,0.566666667
IMAGES/1274.png,780,1.166666667,0.796666667,1.5
IMAGES/1275.png,780,2.277777778,0.957777778,1.188888889
IMAGES/1276.png,450,2.277777778,0.7,0.566666667
IMAGES/1277.png,450,1.611111111,0.764444444,0.411111111
IMAGES/1278.png,450,0.944444444,0.957777778,0.566666667
IMAGES/1279.png,532,2.277777778,0.764444444,0.722222222
IMAGES/1280.png,450,2.5,0.796666667,0.722222222
IMAGES/1281.png,450,2.5,0.7,0.722222222
IMAGES/1282.png,650,0.5,0.893333333,1.5
IMAGES/1283.png,650,0.5,0.732222222,0.566666667
IMAGES/1284.png,650,2.5,0.764444444,1.5
IMAGES/1285.png,450,2.277777778,0.957777778,0.566666667
IMAGES/1286.png,450,1.833333333,0.861111111,0.255555556
IMAGES/1287.png,780,2.5,0.764444444,1.344444444
IMAGES/1288.png,780,0.722222222,0.828888889,0.566666667
IMAGES/1289.png,780,2.277777778,0.732222222,1.033333333
IMAGES/1290.png,450,1.611111111,0.796666667,0.722222222
IMAGES/1291.png,650,0.944444444,0.764444444,0.411111111
IMAGES/1292.png,532,2.277777778,0.796666667,1.344444444
IMAGES/1293.png,780,2.5,0.7,1.5
IMAGES/1294.png,532,0.5,0.796666667,0.411111111
IMAGES/1295.png,450,1.833333333,0.99,0.255555556
IMAGES/1296.png,450,2.055555556,0.732222222,0.411111111
IMAGES/1297.png,650,1.388888889,0.732222222,0.255555556
IMAGES/1298.png,780,2.5,0.957777778,1.188888889
IMAGES/1299.png,532,2.277777778,0.828888889,1.5
IMAGES/1300.png,650,1.166666667,0.7,1.033333333
IMAGES/1301.png,532,0.944444444,0.957777778,0.1
IMAGES/1302.png,650,1.166666667,0.764444444,0.255555556
IMAGES/1303.png,532,0.722222222,0.7,0.566666667
IMAGES/1304.png,780,2.055555556,0.861111111,0.566666667
IMAGES/1305.png,650,0.944444444,0.861111111,0.566666667
IMAGES/1306.png,650,2.055555556,0.796666667,0.255555556
IMAGES/1307.png,650,1.388888889,0.796666667,0.411111111
IMAGES/1308.png,450,0.5,0.828888889,1.5
IMAGES/1309.png,450,0.722222222,0.861111111,0.255555556
IMAGES/1310.png,780,2.277777778,0.7,0.722222222
IMAGES/1311.png,532,2.5,0.828888889,1.5
IMAGES/1312.png,780,1.833333333,0.99,1.188888889
IMAGES/1313.png,532,1.833333333,0.828888889,0.1
IMAGES/1314.png,450,1.833333333,0.957777778,0.1
IMAGES/1315.png,532,2.277777778,0.99,0.566666667
IMAGES/1316.png,450,1.833333333,0.861111111,1.033333333
IMAGES/1317.png,450,1.611111111,0.796666667,0.255555556
IMAGES/1318.png,780,1.166666667,0.893333333,0.877777778
IMAGES/1319.png,450,0.722222222,0.764444444,0.1
IMAGES/1320.png,450,2.277777778,0.732222222,0.255555556
IMAGES/1321.png,650,0.5,0.861111111,1.033333333
IMAGES/1322.png,650,0.722222222,0.828888889,1.188888889
IMAGES/1323.png,450,0.944444444,0.7,0.1
IMAGES/1324.png,650,1.388888889,0.957777778,0.566666667
IMAGES/1325.png,780,2.055555556,0.925555556,0.566666667
IMAGES/1326.png,650,0.5,0.764444444,0.877777778
IMAGES/1327.png,450,1.388888889,0.7,0.255555556
IMAGES/1328.png,780,1.166666667,0.861111111,1.188888889
IMAGES/1329.png,650,0.944444444,0.99,0.566666667
IMAGES/1330.png,450,1.388888889,0.764444444,0.566666667
IMAGES/1331.png,780,0.722222222,0.957777778,0.722222222
IMAGES/1332.png,650,2.5,0.861111111,0.1
IMAGES/1333.png,780,1.388888889,0.764444444,1.033333333
IMAGES/1334.png,450,1.833333333,0.7,1.188888889
IMAGES/1335.png,780,0.722222222,0.893333333,0.1
IMAGES/1336.png,450,1.388888889,0.957777778,0.877777778
IMAGES/1337.png,650,0.722222222,0.796666667,1.033333333
IMAGES/1338.png,450,1.166666667,0.796666667,0.411111111
IMAGES/1339.png,450,0.944444444,0.7,0.566666667
IMAGES/1340.png,532,1.388888889,0.796666667,0.566666667
IMAGES/1341.png,780,2.5,0.925555556,1.033333333
IMAGES/1342.png,780,0.944444444,0.925555556,0.877777778
IMAGES/1343.png,450,2.277777778,0.764444444,0.877777778
IMAGES/1344.png,450,0.722222222,0.796666667,1.5
IMAGES/1345.png,780,1.388888889,0.732222222,0.722222222
IMAGES/1346.png,532,1.388888889,0.893333333,0.255555556
IMAGES/1347.png,780,0.944444444,0.893333333,0.566666667
IMAGES/1348.png,450,1.611111111,0.764444444,0.877777778
IMAGES/1349.png,450,2.277777778,0.764444444,1.344444444
IMAGES/1350.png,450,2.277777778,0.925555556,0.722222222
IMAGES/1351.png,780,1.388888889,0.893333333,0.1
IMAGES/1352.png,532,1.166666667,0.7,0.722222222
IMAGES/1353.png,450,1.833333333,0.861111111,0.255555556
IMAGES/1354.png,780,1.166666667,0.764444444,0.411111111
IMAGES/1355.png,650,2.5,0.893333333,0.566666667
IMAGES/1356.png,450,1.611111111,0.796666667,0.722222222
IMAGES/1357.png,450,2.5,0.925555556,0.255555556
IMAGES/1358.png,780,1.166666667,0.828888889,1.033333333
IMAGES/1359.png,450,2.277777778,0.796666667,0.411111111
IMAGES/1360.png,780,1.388888889,0.828888889,1.5
IMAGES/1361.png,450,2.277777778,0.925555556,1.5
IMAGES/1362.png,650,0.722222222,0.764444444,0.566666667
IMAGES/1363.png,450,1.166666667,0.796666667,0.566666667
IMAGES/1364.png,532,1.833333333,0.99,0.411111111
IMAGES/1365.png,650,0.5,0.764444444,1.5
IMAGES/1366.png,532,0.722222222,0.796666667,0.411111111
IMAGES/1367.png,450,1.611111111,0.764444444,1.344444444
IMAGES/1368.png,532,0.722222222,0.828888889,1.344444444
IMAGES/1369.png,450,0.5,0.796666667,0.411111111
IMAGES/1370.png,450,0.5,0.796666667,1.5
IMAGES/1371.png,780,2.5,0.764444444,1.344444444
IMAGES/1372.png,450,1.388888889,0.732222222,0.722222222
IMAGES/1373.png,532,1.833333333,0.732222222,1.188888889
IMAGES/1374.png,780,1.388888889,0.764444444,0.255555556
IMAGES/1375.png,780,1.388888889,0.732222222,1.5
IMAGES/1376.png,650,2.055555556,0.732222222,0.411111111
IMAGES/1377.png,780,1.611111111,0.764444444,1.5
IMAGES/1378.png,650,0.944444444,0.796666667,0.566666667
IMAGES/1379.png,780,1.166666667,0.861111111,0.722222222
IMAGES/1380.png,532,1.833333333,0.732222222,1.5
IMAGES/1381.png,532,0.944444444,0.957777778,1.188888889
IMAGES/1382.png,450,0.722222222,0.828888889,1.5
IMAGES/1383.png,780,2.5,0.893333333,0.566666667
IMAGES/1384.png,650,2.5,0.957777778,1.344444444
IMAGES/1385.png,650,0.944444444,0.796666667,0.877777778
IMAGES/1386.png,532,2.5,0.764444444,1.033333333
IMAGES/1387.png,450,1.388888889,0.828888889,1.344444444
IMAGES/1388.png,780,1.166666667,0.893333333,0.566666667
IMAGES/1389.png,450,0.5,0.7,0.566666667
IMAGES/1390.png,650,0.5,0.99,1.033333333
IMAGES/1391.png,450,1.388888889,0.99,1.033333333
IMAGES/1392.png,450,1.611111111,0.925555556,1.344444444
IMAGES/1393.png,532,2.277777778,0.828888889,0.255555556
IMAGES/1394.png,780,0.944444444,0.764444444,1.5
IMAGES/1395.png,532,2.277777778,0.764444444,0.722222222
IMAGES/1396.png,450,1.388888889,0.861111111,1.188888889
IMAGES/1397.png,450,2.055555556,0.764444444,1.188888889
IMAGES/1398.png,532,1.611111111,0.861111111,0.722222222
IMAGES/1399.png,780,1.166666667,0.7,0.255555556
IMAGES/1400.png,780,2.5,0.957777778,1.5
IMAGES/1401.png,780,1.388888889,0.893333333,1.188888889
IMAGES/1402.png,780,2.5,0.7,1.5
IMAGES/1403.png,650,0.722222222,0.99,0.1
IMAGES/1404.png,780,1.166666667,0.893333333,0.722222222
IMAGES/1405.png,780,1.166666667,0.99,0.411111111
IMAGES/1406.png,650,0.944444444,0.861111111,1.344444444
IMAGES/1407.png,532,0.944444444,0.893333333,1.188888889
IMAGES/1408.png,650,1.833333333,0.732222222,0.411111111
IMAGES/1409.png,780,2.5,0.828888889,1.188888889
IMAGES/1410.png,650,0.5,0.764444444,1.188888889
IMAGES/1411.png,450,2.5,0.925555556,1.033333333
IMAGES/1412.png,532,2.055555556,0.861111111,0.411111111
IMAGES/1413.png,450,1.611111111,0.893333333,0.411111111
IMAGES/1414.png,532,2.5,0.99,0.1
IMAGES/1415.png,532,1.611111111,0.861111111,0.411111111
IMAGES/1416.png,532,2.277777778,0.828888889,1.188888889
IMAGES/1417.png,650,0.722222222,0.828888889,1.188888889
IMAGES/1418.png,780,1.611111111,0.99,0.411111111
IMAGES/1419.png,450,0.5,0.7,0.722222222
IMAGES/1420.png,532,1.611111111,0.828888889,0.411111111
IMAGES/1421.png,450,1.166666667,0.925555556,0.877777778
IMAGES/1422.png,450,1.388888889,0.893333333,0.722222222
IMAGES/1423.png,780,1.611111111,0.925555556,1.188888889
IMAGES/1424.png,450,0.722222222,0.99,0.566666667
IMAGES/1425.png,532,2.277777778,0.796666667,0.566666667
IMAGES/1426.png,780,1.833333333,0.925555556,0.255555556
IMAGES/1427.png,780,1.833333333,0.732222222,0.566666667
IMAGES/1428.png,450,2.5,0.893333333,1.5
IMAGES/1429.png,450,1.166666667,0.893333333,0.1
IMAGES/1430.png,450,1.166666667,0.828888889,1.033333333
IMAGES/1431.png,532,0.5,0.893333333,1.344444444
IMAGES/1432.png,450,1.388888889,0.925555556,0.722222222
IMAGES/1433.png,532,1.166666667,0.861111111,1.344444444
IMAGES/1434.png,650,1.388888889,0.796666667,0.877777778
IMAGES/1435.png,650,2.5,0.957777778,0.411111111
IMAGES/1436.png,650,1.166666667,0.764444444,0.566666667
IMAGES/1437.png,450,2.055555556,0.957777778,1.033333333
IMAGES/1438.png,532,2.055555556,0.828888889,0.255555556
IMAGES/1439.png,650,0.944444444,0.893333333,1.344444444
IMAGES/1440.png,780,0.944444444,0.957777778,0.877777778
IMAGES/1441.png,650,2.277777778,0.893333333,0.255555556
IMAGES/1442.png,450,0.944444444,0.893333333,1.5
IMAGES/1443.png,780,0.944444444,0.925555556,1.5
IMAGES/1444.png,650,2.277777778,0.861111111,0.566666667
IMAGES/1445.png,650,2.055555556,0.796666667,0.877777778
IMAGES/1446.png,650,1.833333333,0.925555556,1.5
IMAGES/1447.png,450,1.388888889,0.828888889,1.5
IMAGES/1448.png,532,1.611111111,0.957777778,1.344444444
IMAGES/1449.png,780,0.944444444,0.925555556,1.033333333
IMAGES/1450.png,450,1.388888889,0.7,1.5
IMAGES/1451.png,532,2.277777778,0.764444444,0.1
IMAGES/1452.png,650,2.055555556,0.861111111,1.5
IMAGES/1453.png,532,0.944444444,0.99,1.188888889
IMAGES/1454.png,450,0.722222222,0.99,1.5
IMAGES/1455.png,532,1.611111111,0.957777778,0.1
IMAGES/1456.png,650,1.388888889,0.828888889,0.255555556
IMAGES/1457.png,450,1.833333333,0.732222222,1.188888889
IMAGES/1458.png,780,1.833333333,0.925555556,1.033333333
IMAGES/1459.png,780,0.722222222,0.99,1.344444444
IMAGES/1460.png,780,1.611111111,0.925555556,1.188888889
IMAGES/1461.png,532,1.388888889,0.861111111,0.877777778
IMAGES/1462.png,650,2.5,0.99,0.411111111
IMAGES/1463.png,780,2.5,0.925555556,0.722222222
IMAGES/1464.png,650,2.5,0.764444444,0.255555556
IMAGES/1465.png,532,0.5,0.893333333,0.722222222
IMAGES/1466.png,532,1.833333333,0.764444444,0.411111111
IMAGES/1467.png,450,2.055555556,0.732222222,1.5
IMAGES/1468.png,532,1.388888889,0.893333333,1.188888889
IMAGES/1469.png,450,2.5,0.957777778,0.722222222
IMAGES/1470.png,532,0.944444444,0.764444444,0.1
IMAGES/1471.png,650,0.722222222,0.957777778,0.1
IMAGES/1472.png,450,2.055555556,0.732222222,1.188888889
IMAGES/1473.png,450,1.611111111,0.732222222,1.188888889
IMAGES/1474.png,532,2.5,0.893333333,1.188888889
IMAGES/1475.png,450,0.5,0.861111111,1.188888889
IMAGES/1476.png,532,0.722222222,0.957777778,0.722222222
IMAGES/1477.png,780,1.388888889,0.861111111,1.188888889
IMAGES/1478.png,780,1.833333333,0.957777778,0.877777778
IMAGES/1479.png,780,2.5,0.732222222,0.722222222
IMAGES/1480.png,650,0.944444444,0.861111111,1.5
IMAGES/1481.png,450,2.055555556,0.99,0.877777778
IMAGES/1482.png,450,1.388888889,0.7,1.344444444
IMAGES/1483.png,780,2.277777778,0.957777778,1.5
IMAGES/1484.png,650,1.833333333,0.764444444,0.566666667
IMAGES/1485.png,650,1.388888889,0.861111111,1.344444444
IMAGES/1486.png,650,2.5,0.99,0.255555556
IMAGES/1487.png,450,1.833333333,0.957777778,1.188888889
IMAGES/1488.png,450,2.277777778,0.7,1.188888889
IMAGES/1489.png,532,2.5,0.925555556,1.033333333
IMAGES/1490.png,532,0.944444444,0.861111111,1.344444444
IMAGES/1491.png,450,0.944444444,0.893333333,1.188888889
IMAGES/1492.png,650,2.055555556,0.764444444,1.188888889
IMAGES/1493.png,780,2.277777778,0.893333333,0.877777778
IMAGES/1494.png,532,2.055555556,0.925555556,0.1
IMAGES/1495.png,450,0.5,0.7,0.877777778
IMAGES/1496.png,450,1.833333333,0.828888889,1.033333333
IMAGES/1497.png,780,1.833333333,0.925555556,1.344444444
IMAGES/1498.png,780,2.277777778,0.828888889,0.566666667
IMAGES/1499.png,780,1.833333333,0.828888889,0.1
IMAGES/1500.png,450,2.055555556,0.99,0.255555556
IMAGES/1501.png,650,2.277777778,0.99,0.411111111
IMAGES/1502.png,450,2.055555556,0.893333333,1.5
IMAGES/1503.png,532,2.055555556,0.957777778,1.5
IMAGES/1504.png,780,2.277777778,0.893333333,1.344444444
IMAGES/1505.png,450,0.944444444,0.99,0.722222222
IMAGES/1506.png,780,1.611111111,0.957777778,1.5
IMAGES/1507.png,780,0.5,0.957777778,0.566666667
IMAGES/1508.png,450,0.5,0.861111111,0.1
IMAGES/1509.png,780,0.5,0.828888889,0.1
IMAGES/1510.png,650,0.722222222,0.957777778,1.033333333
IMAGES/1511.png,450,1.388888889,0.957777778,0.877777778
IMAGES/1512.png,532,1.611111111,0.99,1.188888889
IMAGES/1513.png,650,0.722222222,0.99,0.411111111
IMAGES/1514.png,780,1.833333333,0.893333333,0.722222222
IMAGES/1515.png,650,2.5,0.828888889,0.566666667
IMAGES/1516.png,780,1.833333333,0.828888889,1.188888889
IMAGES/1517.png,650,1.611111111,0.764444444,1.033333333
IMAGES/1518.png,450,2.277777778,0.893333333,1.188888889
IMAGES/1519.png,532,0.944444444,0.764444444,0.566666667
IMAGES/1520.png,650,0.5,0.957777778,0.566666667
IMAGES/1521.png,650,2.5,0.957777778,0.1
IMAGES/1522.png,780,2.277777778,0.861111111,0.1
IMAGES/1523.png,650,0.5,0.828888889,0.255555556
IMAGES/1524.png,780,1.388888889,0.893333333,0.877777778
IMAGES/1525.png,532,0.944444444,0.764444444,1.188888889
IMAGES/1526.png,780,1.611111111,0.732222222,1.5
IMAGES/1527.png,780,0.722222222,0.925555556,1.033333333
IMAGES/1528.png,532,0.944444444,0.7,0.877777778
IMAGES/1529.png,450,2.277777778,0.925555556,1.5
IMAGES/1530.png,650,0.722222222,0.796666667,0.411111111
IMAGES/1531.png,450,0.722222222,0.764444444,1.188888889
IMAGES/1532.png,450,0.944444444,0.99,0.255555556
IMAGES/1533.png,780,2.055555556,0.957777778,0.255555556
IMAGES/1534.png,532,1.166666667,0.828888889,1.033333333
IMAGES/1535.png,780,1.388888889,0.764444444,0.566666667
IMAGES/1536.png,650,1.611111111,0.893333333,0.411111111
IMAGES/1537.png,450,0.5,0.957777778,1.344444444
IMAGES/1538.png,450,2.5,0.796666667,0.1
IMAGES/1539.png,650,0.944444444,0.893333333,1.188888889
IMAGES/1540.png,650,1.833333333,0.861111111,1.344444444
IMAGES/1541.png,780,1.388888889,0.828888889,1.5
IMAGES/1542.png,780,1.611111111,0.957777778,0.566666667
IMAGES/1543.png,780,0.944444444,0.828888889,1.5
IMAGES/1544.png,650,1.388888889,0.7,0.411111111
IMAGES/1545.png,650,1.166666667,0.925555556,1.5
IMAGES/1546.png,780,1.611111111,0.7,1.033333333
IMAGES/1547.png,780,0.722222222,0.764444444,0.877777778
IMAGES/1548.png,650,1.388888889,0.7,1.188888889
IMAGES/1549.png,450,1.833333333,0.861111111,0.1
IMAGES/1550.png,780,1.388888889,0.7,0.255555556
IMAGES/1551.png,650,1.833333333,0.764444444,0.1
IMAGES/1552.png,532,0.944444444,0.732222222,0.722222222
IMAGES/1553.png,450,0.722222222,0.796666667,0.722222222
IMAGES/1554.png,532,1.388888889,0.893333333,0.255555556
IMAGES/1555.png,532,1.166666667,0.7,0.255555556
IMAGES/1556.png,450,1.166666667,0.732222222,0.877777778
IMAGES/1557.png,650,0.722222222,0.764444444,1.188888889
IMAGES/1558.png,650,0.722222222,0.732222222,1.033333333
IMAGES/1559.png,650,1.833333333,0.764444444,1.344444444
IMAGES/1560.png,450,2.055555556,0.893333333,0.411111111
IMAGES/1561.png,650,1.166666667,0.861111111,0.1
IMAGES/1562.png,650,1.611111111,0.796666667,1.344444444
IMAGES/1563.png,532,1.388888889,0.7,1.5
IMAGES/1564.png,532,2.055555556,0.764444444,0.722222222
IMAGES/1565.png,650,1.388888889,0.828888889,0.1
IMAGES/1566.png,780,2.277777778,0.828888889,0.255555556
IMAGES/1567.png,450,0.722222222,0.764444444,0.255555556
IMAGES/1568.png,450,2.277777778,0.732222222,1.033333333
IMAGES/1569.png,780,1.611111111,0.796666667,0.722222222
IMAGES/1570.png,650,2.055555556,0.893333333,0.255555556
IMAGES/1571.png,780,0.5,0.764444444,0.566666667
IMAGES/1572.png,450,0.944444444,0.893333333,1.5
IMAGES/1573.png,532,1.388888889,0.925555556,0.255555556
IMAGES/1574.png,780,1.166666667,0.732222222,1.033333333
IMAGES/1575.png,650,1.166666667,0.764444444,1.188888889
IMAGES/1576.png,780,1.388888889,0.893333333,0.255555556
IMAGES/1577.png,650,1.388888889,0.957777778,0.1
IMAGES/1578.png,532,1.166666667,0.7,0.877777778
IMAGES/1579.png,780,2.055555556,0.925555556,1.344444444
IMAGES/1580.png,532,0.722222222,0.828888889,0.411111111
IMAGES/1581.png,780,1.166666667,0.7,1.344444444
IMAGES/1582.png,650,0.944444444,0.828888889,0.411111111
IMAGES/1583.png,780,1.833333333,0.893333333,1.188888889
IMAGES/1584.png,650,1.833333333,0.925555556,1.344444444
IMAGES/1585.png,780,2.5,0.957777778,1.033333333
IMAGES/1586.png,450,0.722222222,0.732222222,1.188888889
IMAGES/1587.png,532,0.722222222,0.828888889,1.033333333
IMAGES/1588.png,532,1.611111111,0.893333333,0.877777778
IMAGES/1589.png,780,1.166666667,0.828888889,0.255555556
IMAGES/1590.png,450,2.055555556,0.732222222,0.722222222
IMAGES/1591.png,450,1.611111111,0.893333333,0.411111111
IMAGES/1592.png,780,0.5,0.828888889,1.5
IMAGES/1593.png,532,1.833333333,0.861111111,1.033333333
IMAGES/1594.png,450,2.277777778,0.732222222,0.255555556
IMAGES/1595.png,450,2.277777778,0.861111111,1.5
IMAGES/1596.png,650,0.5,0.7,0.411111111
IMAGES/1597.png,450,0.722222222,0.893333333,1.344444444
IMAGES/1598.png,450,2.5,0.99,0.411111111
IMAGES/1599.png,650,0.944444444,0.925555556,1.344444444
IMAGES/1600.png,532,1.388888889,0.99,0.255555556
IMAGES/1601.png,450,1.166666667,0.828888889,1.033333333
IMAGES/1602.png,450,0.722222222,0.7,0.566666667
IMAGES/1603.png,450,2.5,0.732222222,0.722222222
IMAGES/1604.png,780,1.166666667,0.796666667,1.5
IMAGES/1605.png,650,0.944444444,0.7,0.722222222
IMAGES/1606.png,450,1.388888889,0.764444444,1.033333333
IMAGES/1607.png,532,2.277777778,0.796666667,0.722222222
IMAGES/1608.png,780,1.166666667,0.732222222,1.5
IMAGES/1609.png,650,1.833333333,0.99,1.344444444
IMAGES/1610.png,650,1.611111111,0.764444444,0.877777778
IMAGES/1611.png,650,0.5,0.925555556,0.722222222
IMAGES/1612.png,780,0.5,0.925555556,1.344444444
IMAGES/1613.png,780,2.055555556,0.957777778,0.566666667
IMAGES/1614.png,450,1.611111111,0.893333333,0.566666667
IMAGES/1615.png,450,1.833333333,0.764444444,0.1
IMAGES/1616.png,532,1.166666667,0.732222222,0.566666667
IMAGES/1617.png,450,2.055555556,0.957777778,0.722222222
IMAGES/1618.png,450,0.5,0.957777778,1.188888889
IMAGES/1619.png,650,2.5,0.957777778,0.877777778
IMAGES/1620.png,650,2.277777778,0.893333333,0.411111111
IMAGES/1621.png,650,1.833333333,0.957777778,0.1
IMAGES/1622.png,780,1.388888889,0.7,1.188888889
IMAGES/1623.png,532,1.611111111,0.732222222,0.255555556
IMAGES/1624.png,780,2.5,0.99,0.877777778
IMAGES/1625.png,532,2.5,0.732222222,1.033333333
IMAGES/1626.png,450,2.277777778,0.99,0.411111111
IMAGES/1627.png,650,2.055555556,0.861111111,0.566666667
IMAGES/1628.png,650,2.055555556,0.925555556,1.5
IMAGES/1629.png,532,0.5,0.893333333,0.255555556
IMAGES/1630.png,450,2.277777778,0.796666667,0.722222222
IMAGES/1631.png,780,1.833333333,0.861111111,1.188888889
IMAGES/1632.png,532,2.5,0.796666667,1.5
IMAGES/1633.png,450,1.388888889,0.861111111,0.411111111
IMAGES/1634.png,532,0.722222222,0.828888889,0.411111111
IMAGES/1635.png,450,0.722222222,0.732222222,0.722222222
IMAGES/1636.png,650,1.611111111,0.957777778,1.344444444
IMAGES/1637.png,780,1.388888889,0.861111111,1.033333333
IMAGES/1638.png,532,1.611111111,0.828888889,1.5
IMAGES/1639.png,532,2.055555556,0.732222222,0.877777778
IMAGES/1640.png,650,0.5,0.99,0.566666667
IMAGES/1641.png,780,0.722222222,0.861111111,1.344444444
IMAGES/1642.png,780,2.277777778,0.893333333,0.411111111
IMAGES/1643.png,450,1.833333333,0.828888889,1.188888889
IMAGES/1644.png,780,0.944444444,0.99,0.411111111
IMAGES/1645.png,450,1.611111111,0.925555556,1.344444444
IMAGES/1646.png,532,1.166666667,0.925555556,0.255555556
IMAGES/1647.png,532,1.166666667,0.796666667,1.344444444
IMAGES/1648.png,650,1.833333333,0.925555556,0.255555556
IMAGES/1649.png,650,1.611111111,0.796666667,0.566666667
IMAGES/1650.png,532,1.611111111,0.861111111,1.5
IMAGES/1651.png,532,2.055555556,0.957777778,0.411111111
IMAGES/1652.png,532,2.5,0.925555556,1.033333333
IMAGES/1653.png,450,1.833333333,0.7,0.1
IMAGES/1654.png,780,1.388888889,0.764444444,0.1
IMAGES/1655.png,532,1.166666667,0.957777778,0.877777778
IMAGES/1656.png,450,0.722222222,0.7,0.255555556
IMAGES/1657.png,450,1.611111111,0.99,1.188888889
IMAGES/1658.png,780,0.944444444,0.99,1.344444444
IMAGES/1659.png,650,2.055555556,0.764444444,1.033333333
IMAGES/1660.png,450,0.722222222,0.764444444,0.1
IMAGES/1661.png,532,0.722222222,0.796666667,1.033333333
IMAGES/1662.png,450,1.166666667,0.7,1.5
IMAGES/1663.png,450,1.611111111,0.7,1.344444444
IMAGES/1664.png,780,2.5,0.99,1.344444444
IMAGES/1665.png,780,1.388888889,0.957777778,1.188888889
IMAGES/1666.png,780,2.277777778,0.861111111,0.566666667
IMAGES/1667.png,450,2.5,0.828888889,0.411111111
IMAGES/1668.png,780,2.055555556,0.828888889,0.1
IMAGES/1669.png,532,0.5,0.925555556,0.1
IMAGES/1670.png,780,2.277777778,0.957777778,0.877777778
IMAGES/1671.png,450,2.055555556,0.861111111,1.344444444
IMAGES/1672.png,650,1.166666667,0.957777778,0.722222222
IMAGES/1673.png,780,2.277777778,0.732222222,1.033333333
IMAGES/1674.png,450,2.055555556,0.925555556,0.566666667
IMAGES/1675.png,532,0.5,0.764444444,0.722222222
IMAGES/1676.png,780,2.277777778,0.893333333,0.411111111
IMAGES/1677.png,450,2.5,0.764444444,1.033333333
IMAGES/1678.png,532,1.166666667,0.828888889,0.1
IMAGES/1679.png,780,2.5,0.7,1.188888889
IMAGES/1680.png,780,0.944444444,0.861111111,1.188888889
IMAGES/1681.png,532,1.388888889,0.957777778,1.033333333
IMAGES/1682.png,780,0.5,0.732222222,1.033333333
IMAGES/1683.png,780,2.055555556,0.732222222,0.722222222
IMAGES/1684.png,780,1.833333333,0.796666667,0.877777778
IMAGES/1685.png,650,1.388888889,0.893333333,1.344444444
IMAGES/1686.png,450,0.722222222,0.764444444,0.877777778
IMAGES/1687.png,780,2.277777778,0.925555556,0.566666667
IMAGES/1688.png,532,1.166666667,0.893333333,1.033333333
IMAGES/1689.png,532,0.5,0.764444444,0.1
IMAGES/1690.png,532,2.055555556,0.893333333,0.1
IMAGES/1691.png,650,0.722222222,0.925555556,1.033333333
IMAGES/1692.png,780,2.055555556,0.957777778,0.877777778
IMAGES/1693.png,450,2.055555556,0.925555556,0.1
IMAGES/1694.png,450,1.611111111,0.861111111,1.5
IMAGES/1695.png,532,0.5,0.893333333,0.566666667
IMAGES/1696.png,532,2.055555556,0.893333333,0.566666667
IMAGES/1697.png,650,0.944444444,0.925555556,0.255555556
IMAGES/1698.png,450,0.5,0.957777778,1.188888889
IMAGES/1699.png,450,1.833333333,0.925555556,1.5
IMAGES/1700.png,650,2.055555556,0.828888889,0.877777778
IMAGES/1701.png,532,0.5,0.99,0.566666667
IMAGES/1702.png,780,2.055555556,0.796666667,0.1
IMAGES/1703.png,450,2.055555556,0.893333333,0.255555556
IMAGES/1704.png,780,2.055555556,0.828888889,0.411111111
IMAGES/1705.png,450,2.055555556,0.925555556,1.5
IMAGES/1706.png,532,0.5,0.861111111,1.033333333
IMAGES/1707.png,450,2.5,0.764444444,1.033333333
IMAGES/1708.png,532,0.5,0.925555556,0.566666667
IMAGES/1709.png,780,0.944444444,0.99,0.566666667
IMAGES/1710.png,532,2.055555556,0.99,1.5
IMAGES/1711.png,532,1.388888889,0.764444444,0.877777778
IMAGES/1712.png,450,2.055555556,0.957777778,0.1
IMAGES/1713.png,532,1.833333333,0.99,0.255555556
IMAGES/1714.png,450,0.722222222,0.861111111,0.877777778
IMAGES/1715.png,450,2.277777778,0.925555556,1.5
IMAGES/1716.png,450,1.388888889,0.99,0.255555556
IMAGES/1717.png,450,1.388888889,0.99,0.877777778
IMAGES/1718.png,650,0.944444444,0.828888889,0.722222222
IMAGES/1719.png,780,0.944444444,0.764444444,0.1
IMAGES/1720.png,450,1.611111111,0.764444444,0.722222222
IMAGES/1721.png,532,1.166666667,0.828888889,1.188888889
IMAGES/1722.png,650,2.5,0.764444444,0.877777778
IMAGES/1723.png,780,1.833333333,0.764444444,1.188888889
IMAGES/1724.png,532,2.277777778,0.764444444,1.5
IMAGES/1725.png,650,2.5,0.764444444,1.188888889
IMAGES/1726.png,780,2.055555556,0.828888889,1.5
IMAGES/1727.png,450,1.611111111,0.99,0.255555556
IMAGES/1728.png,532,2.277777778,0.764444444,1.5
IMAGES/1729.png,532,0.5,0.828888889,0.411111111
IMAGES/1730.png,650,0.944444444,0.764444444,0.1
IMAGES/1731.png,780,2.055555556,0.861111111,0.411111111
IMAGES/1732.png,532,1.388888889,0.732222222,0.877777778
IMAGES/1733.png,780,2.277777778,0.7,1.5
IMAGES/1734.png,650,0.722222222,0.796666667,1.188888889
IMAGES/1735.png,450,0.722222222,0.957777778,0.566666667
IMAGES/1736.png,532,0.944444444,0.925555556,0.1
IMAGES/1737.png,650,0.5,0.732222222,1.5
IMAGES/1738.png,450,0.722222222,0.957777778,0.877777778
IMAGES/1739.png,780,2.5,0.828888889,0.566666667
IMAGES/1740.png,780,1.388888889,0.861111111,0.255555556
IMAGES/1741.png,532,0.944444444,0.861111111,1.5
IMAGES/1742.png,532,1.611111111,0.99,1.344444444
IMAGES/1743.png,450,0.944444444,0.764444444,1.5
IMAGES/1744.png,450,1.166666667,0.732222222,0.722222222
IMAGES/1745.png,650,0.944444444,0.861111111,1.188888889
IMAGES/1746.png,780,1.611111111,0.828888889,0.877777778
IMAGES/1747.png,532,1.166666667,0.828888889,0.1
IMAGES/1748.png,650,1.833333333,0.796666667,0.566666667
IMAGES/1749.png,532,1.166666667,0.925555556,1.344444444
IMAGES/1750.png,450,2.5,0.99,0.566666667
IMAGES/1751.png,450,2.5,0.893333333,1.344444444
IMAGES/1752.png,532,2.5,0.893333333,1.188888889
IMAGES/1753.png,780,0.944444444,0.99,0.722222222
IMAGES/1754.png,650,1.833333333,0.893333333,1.5
IMAGES/1755.png,780,0.944444444,0.925555556,1.033333333
IMAGES/1756.png,532,0.5,0.99,0.1
IMAGES/1757.png,650,1.388888889,0.957777778,0.877777778
IMAGES/1758.png,650,0.944444444,0.828888889,0.1
IMAGES/1759.png,532,2.5,0.925555556,0.877777778
IMAGES/1760.png,650,1.166666667,0.732222222,0.566666667
IMAGES/1761.png,650,0.5,0.957777778,0.722222222
IMAGES/1762.png,532,0.5,0.925555556,1.033333333
IMAGES/1763.png,780,1.166666667,0.828888889,0.566666667
IMAGES/1764.png,450,2.277777778,0.7,0.722222222
IMAGES/1765.png,650,2.277777778,0.893333333,1.033333333
IMAGES/1766.png,450,2.277777778,0.893333333,0.877777778
IMAGES/1767.png,650,2.055555556,0.796666667,0.411111111
IMAGES/1768.png,532,1.166666667,0.925555556,1.344444444
IMAGES/1769.png,450,0.5,0.99,0.1
IMAGES/1770.png,650,2.055555556,0.925555556,0.255555556
IMAGES/1771.png,650,1.388888889,0.893333333,1.344444444
IMAGES/1772.png,780,0.944444444,0.925555556,0.722222222
IMAGES/1773.png,450,1.166666667,0.732222222,0.566666667
IMAGES/1774.png,650,1.388888889,0.732222222,1.033333333
IMAGES/1775.png,532,1.833333333,0.99,0.722222222
IMAGES/1776.png,780,1.388888889,0.796666667,0.566666667
IMAGES/1777.png,532,1.166666667,0.957777778,0.566666667
IMAGES/1778.png,450,2.055555556,0.925555556,0.566666667
IMAGES/1779.png,450,1.388888889,0.764444444,1.5
IMAGES/1780.png,650,1.833333333,0.893333333,1.5
IMAGES/1781.png,780,1.388888889,0.7,1.5
IMAGES/1782.png,780,0.722222222,0.99,1.033333333
IMAGES/1783.png,780,0.944444444,0.893333333,1.5
IMAGES/1784.png,780,0.5,0.796666667,1.5
IMAGES/1785.png,780,1.388888889,0.732222222,0.877777778
IMAGES/1786.png,650,0.722222222,0.861111111,0.566666667
IMAGES/1787.png,450,0.722222222,0.893333333,1.5
IMAGES/1788.png,780,0.944444444,0.99,0.877777778
IMAGES/1789.png,650,1.611111111,0.764444444,1.5
IMAGES/1790.png,780,0.5,0.7,0.566666667
IMAGES/1791.png,532,1.611111111,0.861111111,1.5
IMAGES/1792.png,450,0.5,0.99,0.411111111
IMAGES/1793.png,780,1.611111111,0.893333333,1.344444444
IMAGES/1794.png,780,0.5,0.828888889,1.033333333
IMAGES/1795.png,450,2.5,0.893333333,0.411111111
IMAGES/1796.png,532,2.055555556,0.828888889,0.411111111
IMAGES/1797.png,450,2.277777778,0.957777778,1.5
IMAGES/1798.png,532,1.611111111,0.861111111,0.255555556
IMAGES/1799.png,650,1.611111111,0.7,1.033333333
IMAGES/1800.png,780,1.388888889,0.7,1.188888889
IMAGES/1801.png,650,0.722222222,0.732222222,0.566666667
IMAGES/1802.png,780,0.944444444,0.796666667,0.411111111
IMAGES/1803.png,780,0.722222222,0.7,0.877777778
IMAGES/1804.png,650,1.833333333,0.957777778,0.722222222
IMAGES/1805.png,532,2.055555556,0.99,0.255555556
IMAGES/1806.png,450,1.833333333,0.925555556,1.033333333
IMAGES/1807.png,532,1.388888889,0.7,1.033333333
IMAGES/1808.png,450,0.722222222,0.764444444,0.722222222
IMAGES/1809.png,532,0.944444444,0.732222222,0.255555556
IMAGES/1810.png,450,1.833333333,0.957777778,1.033333333
IMAGES/1811.png,450,1.388888889,0.861111111,1.5
IMAGES/1812.png,450,2.5,0.764444444,1.188888889
IMAGES/1813.png,780,0.722222222,0.957777778,1.5
IMAGES/1814.png,650,0.944444444,0.828888889,0.255555556
IMAGES/1815.png,450,0.944444444,0.828888889,1.033333333
IMAGES/1816.png,650,1.833333333,0.732222222,0.411111111
IMAGES/1817.png,780,1.611111111,0.99,0.566666667
IMAGES/1818.png,650,1.166666667,0.893333333,1.5
IMAGES/1819.png,780,0.944444444,0.957777778,0.255555556
IMAGES/1820.png,450,1.166666667,0.893333333,0.1
IMAGES/1821.png,450,0.722222222,0.732222222,0.1
IMAGES/1822.png,780,2.277777778,0.861111111,0.255555556
IMAGES/1823.png,532,1.833333333,0.796666667,1.5
IMAGES/1824.png,532,2.277777778,0.796666667,0.722222222
IMAGES/1825.png,650,0.722222222,0.99,1.188888889
IMAGES/1826.png,650,0.5,0.861111111,1.5
IMAGES/1827.png,532,1.166666667,0.861111111,1.344444444
IMAGES/1828.png,450,0.944444444,0.957777778,0.411111111
IMAGES/1829.png,780,2.277777778,0.796666667,0.566666667
IMAGES/1830.png,780,2.277777778,0.957777778,1.5
IMAGES/1831.png,650,2.5,0.925555556,0.722222222
IMAGES/1832.png,450,1.833333333,0.764444444,1.5
IMAGES/1833.png,650,2.055555556,0.957777778,1.188888889
IMAGES/1834.png,532,0.722222222,0.893333333,1.188888889
IMAGES/1835.png,532,0.722222222,0.957777778,0.722222222
IMAGES/1836.png,450,1.833333333,0.764444444,0.411111111
IMAGES/1837.png,650,0.722222222,0.828888889,1.5
IMAGES/1838.png,780,2.277777778,0.7,1.5
IMAGES/1839.png,650,0.944444444,0.925555556,1.5
IMAGES/1840.png,780,1.611111111,0.861111111,0.1
IMAGES/1841.png,650,2.277777778,0.925555556,0.877777778
IMAGES/1842.png,450,2.055555556,0.99,1.344444444
IMAGES/1843.png,532,1.611111111,0.893333333,0.877777778
IMAGES/1844.png,780,2.055555556,0.732222222,1.188888889
IMAGES/1845.png,450,2.055555556,0.925555556,0.566666667
IMAGES/1846.png,532,0.722222222,0.796666667,0.411111111
IMAGES/1847.png,532,1.833333333,0.861111111,1.188888889
IMAGES/1848.png,532,1.166666667,0.7,1.344444444
IMAGES/1849.png,650,1.611111111,0.828888889,0.255555556
IMAGES/1850.png,780,0.5,0.764444444,0.1
IMAGES/1851.png,780,0.944444444,0.796666667,0.566666667
IMAGES/1852.png,650,1.833333333,0.925555556,0.877777778
IMAGES/1853.png,780,2.055555556,0.764444444,0.255555556
IMAGES/1854.png,450,1.833333333,0.861111111,0.722222222
IMAGES/1855.png,532,0.944444444,0.796666667,0.411111111
IMAGES/1856.png,780,2.5,0.957777778,0.877777778
IMAGES/1857.png,650,2.055555556,0.764444444,1.033333333
IMAGES/1858.png,650,0.944444444,0.7,0.411111111
IMAGES/1859.png,780,0.5,0.925555556,0.255555556
IMAGES/1860.png,450,2.5,0.732222222,1.188888889
IMAGES/1861.png,532,0.5,0.925555556,1.5
IMAGES/1862.png,780,1.166666667,0.925555556,1.5
IMAGES/1863.png,780,2.277777778,0.796666667,0.411111111
IMAGES/1864.png,650,1.833333333,0.796666667,0.877777778
IMAGES/1865.png,780,1.166666667,0.861111111,1.5
IMAGES/1866.png,650,2.055555556,0.828888889,1.033333333
IMAGES/1867.png,780,1.388888889,0.828888889,0.722222222
IMAGES/1868.png,650,1.833333333,0.7,0.722222222
IMAGES/1869.png,780,2.055555556,0.99,1.344444444
IMAGES/1870.png,650,1.833333333,0.796666667,0.255555556
IMAGES/1871.png,780,1.611111111,0.893333333,1.188888889
IMAGES/1872.png,532,2.277777778,0.957777778,1.344444444
IMAGES/1873.png,650,1.166666667,0.957777778,1.188888889
IMAGES/1874.png,450,1.611111111,0.893333333,0.1
IMAGES/1875.png,650,2.277777778,0.828888889,1.344444444
IMAGES/1876.png,450,0.944444444,0.925555556,1.033333333
IMAGES/1877.png,780,2.277777778,0.828888889,0.255555556
IMAGES/1878.png,650,1.833333333,0.732222222,0.566666667
IMAGES/1879.png,450,2.5,0.828888889,0.566666667
IMAGES/1880.png,650,2.5,0.796666667,0.411111111
IMAGES/1881.png,450,2.5,0.861111111,1.188888889
IMAGES/1882.png,780,1.166666667,0.732222222,0.255555556
IMAGES/1883.png,450,2.055555556,0.796666667,0.722222222
IMAGES/1884.png,450,2.5,0.893333333,0.255555556
IMAGES/1885.png,650,0.944444444,0.925555556,0.411111111
IMAGES/1886.png,780,2.055555556,0.828888889,0.411111111
IMAGES/1887.png,780,2.5,0.957777778,0.411111111
IMAGES/1888.png,780,2.055555556,0.828888889,0.722222222
IMAGES/1889.png,780,1.611111111,0.957777778,0.566666667
IMAGES/1890.png,450,1.611111111,0.861111111,0.877777778
IMAGES/1891.png,780,1.166666667,0.764444444,0.255555556
IMAGES/1892.png,450,1.611111111,0.925555556,0.722222222
IMAGES/1893.png,780,2.277777778,0.893333333,0.1
IMAGES/1894.png,650,2.055555556,0.7,0.411111111
IMAGES/1895.png,780,1.833333333,0.732222222,1.033333333
IMAGES/1896.png,780,1.388888889,0.861111111,1.5
IMAGES/1897.png,532,2.055555556,0.99,1.344444444
IMAGES/1898.png,532,1.388888889,0.925555556,1.5
IMAGES/1899.png,532,1.388888889,0.828888889,0.722222222
IMAGES/1900.png,780,2.277777778,0.957777778,1.344444444
IMAGES/1901.png,450,2.055555556,0.893333333,1.5
IMAGES/1902.png,532,2.5,0.893333333,1.188888889
IMAGES/1903.png,450,1.833333333,0.7,0.566666667
IMAGES/1904.png,450,1.166666667,0.99,0.1
IMAGES/1905.png,450,2.277777778,0.7,1.344444444
IMAGES/1906.png,650,1.833333333,0.764444444,1.188888889
IMAGES/1907.png,780,1.166666667,0.893333333,0.722222222
IMAGES/1908.png,650,2.277777778,0.796666667,0.411111111
IMAGES/1909.png,450,0.722222222,0.957777778,0.255555556
IMAGES/1910.png,532,0.722222222,0.99,0.566666667
IMAGES/1911.png,650,1.166666667,0.764444444,0.722222222
IMAGES/1912.png,780,1.611111111,0.957777778,1.344444444
IMAGES/1913.png,450,1.833333333,0.796666667,1.033333333
IMAGES/1914.png,450,1.833333333,0.99,0.1
IMAGES/1915.png,780,1.388888889,0.99,1.344444444
IMAGES/1916.png,532,1.611111111,0.925555556,1.5
IMAGES/1917.png,780,1.833333333,0.7,1.033333333
IMAGES/1918.png,450,1.166666667,0.893333333,1.188888889
IMAGES/1919.png,650,0.722222222,0.796666667,0.1
IMAGES/1920.png,450,1.833333333,0.893333333,1.188888889
IMAGES/1921.png,650,1.833333333,0.796666667,1.344444444
IMAGES/1922.png,450,0.722222222,0.764444444,0.411111111
IMAGES/1923.png,532,2.5,0.828888889,0.722222222
IMAGES/1924.png,780,0.722222222,0.957777778,0.1
IMAGES/1925.png,650,0.5,0.7,1.033333333
IMAGES/1926.png,450,2.277777778,0.828888889,1.188888889
IMAGES/1927.png,650,1.611111111,0.732222222,0.722222222
IMAGES/1928.png,450,1.833333333,0.764444444,0.566666667
IMAGES/1929.png,780,0.722222222,0.732222222,1.344444444
IMAGES/1930.png,650,1.833333333,0.764444444,1.033333333
IMAGES/1931.png,650,2.5,0.893333333,0.722222222
IMAGES/1932.png,450,0.5,0.7,0.255555556
IMAGES/1933.png,780,0.722222222,0.925555556,0.1
IMAGES/1934.png,780,1.388888889,0.796666667,1.5
IMAGES/1935.png,650,1.833333333,0.925555556,0.411111111
IMAGES/1936.png,650,2.5,0.99,0.1
IMAGES/1937.png,450,1.166666667,0.957777778,1.344444444
IMAGES/1938.png,780,2.5,0.957777778,1.033333333
IMAGES/1939.png,532,1.611111111,0.7,0.566666667
IMAGES/1940.png,450,1.388888889,0.99,0.1
IMAGES/1941.png,532,1.833333333,0.7,1.344444444
IMAGES/1942.png,450,1.166666667,0.7,1.188888889
IMAGES/1943.png,450,0.722222222,0.7,1.188888889
IMAGES/1944.png,450,1.388888889,0.957777778,0.722222222
IMAGES/1945.png,780,2.055555556,0.764444444,0.411111111
IMAGES/1946.png,780,0.5,0.796666667,0.255555556
IMAGES/1947.png,450,2.5,0.796666667,1.344444444
IMAGES/1948.png,650,2.277777778,0.796666667,0.411111111
IMAGES/1949.png,532,1.833333333,0.828888889,0.1
IMAGES/1950.png,532,2.055555556,0.828888889,1.188888889
IMAGES/1951.png,780,0.944444444,0.957777778,0.877777778
IMAGES/1952.png,780,1.833333333,0.99,0.255555556
IMAGES/1953.png,532,2.055555556,0.732222222,1.5
IMAGES/1954.png,650,1.611111111,0.99,1.033333333
IMAGES/1955.png,780,1.611111111,0.7,0.411111111
IMAGES/1956.png,650,1.611111111,0.957777778,1.033333333
IMAGES/1957.png,650,1.611111111,0.7,0.255555556
IMAGES/1958.png,650,1.166666667,0.732222222,0.255555556
IMAGES/1959.png,780,1.611111111,0.861111111,0.566666667
IMAGES/1960.png,780,0.5,0.893333333,0.877777778
IMAGES/1961.png,450,2.5,0.732222222,0.411111111
IMAGES/1962.png,650,1.166666667,0.732222222,1.5
IMAGES/1963.png,532,2.055555556,0.796666667,0.1
IMAGES/1964.png,650,0.722222222,0.732222222,0.1
IMAGES/1965.png,780,2.055555556,0.796666667,1.188888889
IMAGES/1966.png,450,2.055555556,0.893333333,0.411111111
IMAGES/1967.png,780,1.388888889,0.925555556,0.566666667
IMAGES/1968.png,650,0.5,0.957777778,1.5
IMAGES/1969.png,450,1.611111111,0.893333333,0.1
IMAGES/1970.png,532,2.055555556,0.796666667,0.722222222
IMAGES/1971.png,780,2.277777778,0.925555556,0.566666667
IMAGES/1972.png,650,2.5,0.925555556,1.344444444
IMAGES/1973.png,780,2.055555556,0.764444444,1.188888889
IMAGES/1974.png,532,1.388888889,0.7,0.1
IMAGES/1975.png,532,1.388888889,0.893333333,1.033333333
IMAGES/1976.png,450,2.277777778,0.764444444,0.722222222
IMAGES/1977.png,650,1.166666667,0.861111111,1.033333333
IMAGES/1978.png,780,1.166666667,0.764444444,0.411111111
IMAGES/1979.png,780,1.833333333,0.957777778,0.1
IMAGES/1980.png,532,0.5,0.893333333,1.188888889
IMAGES/1981.png,780,2.277777778,0.796666667,1.188888889
IMAGES/1982.png,650,2.055555556,0.99,1.033333333
IMAGES/1983.png,450,1.611111111,0.764444444,0.566666667
IMAGES/1984.png,780,1.833333333,0.925555556,1.033333333
IMAGES/1985.png,650,0.944444444,0.764444444,1.188888889
IMAGES/1986.png,780,0.944444444,0.893333333,1.188888889
IMAGES/1987.png,532,1.388888889,0.7,1.5
IMAGES/1988.png,450,0.944444444,0.99,1.188888889
IMAGES/1989.png,532,1.611111111,0.861111111,0.877777778
IMAGES/1990.png,450,0.944444444,0.925555556,0.411111111
IMAGES/1991.png,650,0.722222222,0.796666667,1.033333333
IMAGES/1992.png,780,2.277777778,0.893333333,0.566666667
IMAGES/1993.png,650,2.055555556,0.925555556,0.722222222
IMAGES/1994.png,780,0.722222222,0.957777778,1.188888889
IMAGES/1995.png,780,1.833333333,0.796666667,1.188888889
IMAGES/1996.png,532,1.833333333,0.7,1.033333333
IMAGES/1997.png,650,2.055555556,0.957777778,1.5
IMAGES/1998.png,450,0.944444444,0.861111111,1.188888889
IMAGES/1999.png,650,0.944444444,0.99,0.566666667
